AH2011;Educação;Lazer;Negócios;Refeição;Saúde
10001;54.0;13.0;29.0;186.0;34.0
10002;33.0;10.0;11.0;145.0;4.0
10003;18.0;11.0;5.0;45.0;4.0
10004;34.0;6.0;7.0;78.0;11.0
10005;47.0;15.0;22.0;172.0;15.0
10006;9.0;5.0;3.0;12.0;0.0
10007;5.0;0.0;3.0;16.0;0.0
10008;25.0;8.0;1.0;56.0;4.0
10009;42.0;8.0;10.0;162.0;3.0
1001;167.0;29.0;94.0;248.0;105.0
10010;20.0;3.0;7.0;9.0;4.0
10012;4.0;2.0;2.0;10.0;0.0
10013;2.0;1.0;0.0;7.0;1.0
10014;9.0;1.0;3.0;33.0;1.0
10016;2.0;0.0;0.0;1.0;0.0
10018;5.0;2.0;0.0;12.0;0.0
1002;155.0;37.0;78.0;344.0;105.0
10020;12.0;2.0;4.0;24.0;0.0
10021;2.0;1.0;2.0;7.0;0.0
10022;0.0;0.0;0.0;7.0;1.0
10023;7.0;1.0;1.0;8.0;2.0
10024;2.0;0.0;0.0;3.0;0.0
10025;10.0;3.0;0.0;13.0;3.0
10026;9.0;2.0;6.0;44.0;1.0
10027;10.0;4.0;3.0;67.0;0.0
10028;26.0;13.0;3.0;67.0;5.0
1003;103.0;19.0;45.0;190.0;71.0
1004;194.0;34.0;116.0;290.0;160.0
1005;157.0;29.0;95.0;167.0;137.0
1006;97.0;8.0;65.0;153.0;94.0
1007;76.0;13.0;40.0;167.0;129.0
1008;106.0;25.0;76.0;343.0;41.0
1009;182.0;42.0;113.0;333.0;121.0
1010;336.0;77.0;301.0;742.0;126.0
1011;404.0;114.0;377.0;1153.0;269.0
1012;69.0;13.0;46.0;141.0;50.0
1013;1.0;0.0;0.0;3.0;0.0
1014;112.0;40.0;162.0;215.0;97.0
1015;74.0;13.0;32.0;135.0;23.0
1016;87.0;16.0;40.0;119.0;42.0
1017;74.0;11.0;44.0;144.0;231.0
1018;205.0;44.0;87.0;443.0;427.0
1019;120.0;23.0;77.0;168.0;233.0
1020;93.0;26.0;132.0;284.0;346.0
10201;1.0;3.0;1.0;13.0;0.0
10202;5.0;1.0;1.0;53.0;0.0
10204;0.0;0.0;0.0;7.0;1.0
1021;248.0;36.0;154.0;412.0;199.0
1022;206.0;35.0;72.0;217.0;193.0
1023;134.0;23.0;52.0;204.0;95.0
1024;122.0;26.0;98.0;306.0;83.0
1025;96.0;16.0;27.0;91.0;134.0
1026;99.0;26.0;90.0;267.0;95.0
1027;130.0;29.0;110.0;200.0;204.0
1028;45.0;9.0;31.0;110.0;81.0
1029;106.0;25.0;78.0;297.0;117.0
1030;175.0;51.0;37.0;76.0;139.0
1031;73.0;30.0;19.0;38.0;26.0
1032;72.0;39.0;4.0;186.0;2.0
1033;6.0;1.0;0.0;4.0;7.0
1034;180.0;53.0;66.0;143.0;104.0
1035;344.0;55.0;83.0;439.0;100.0
1036;155.0;40.0;35.0;217.0;42.0
1037;147.0;33.0;40.0;179.0;66.0
1038;173.0;32.0;41.0;126.0;55.0
1039;92.0;16.0;12.0;31.0;19.0
1040;157.0;29.0;24.0;30.0;46.0
1041;53.0;0.0;9.0;5.0;7.0
1042;113.0;27.0;23.0;132.0;30.0
1043;228.0;36.0;63.0;113.0;110.0
1044;83.0;26.0;55.0;156.0;43.0
1045;30.0;7.0;10.0;15.0;9.0
1046;84.0;23.0;19.0;108.0;23.0
1047;91.0;17.0;43.0;79.0;23.0
1048;52.0;8.0;16.0;26.0;9.0
1049;134.0;14.0;25.0;46.0;65.0
1050;78.0;18.0;13.0;57.0;35.0
1051;123.0;34.0;14.0;176.0;34.0
1052;386.0;69.0;80.0;208.0;108.0
1054;214.0;55.0;56.0;217.0;63.0
1055;24.0;10.0;7.0;28.0;7.0
1056;140.0;27.0;59.0;133.0;78.0
1057;263.0;98.0;74.0;245.0;87.0
1058;111.0;25.0;36.0;154.0;94.0
1059;1.0;0.0;0.0;1.0;0.0
1060;37.0;8.0;11.0;20.0;16.0
1061;21.0;8.0;2.0;59.0;0.0
1062;257.0;42.0;142.0;407.0;240.0
1063;102.0;22.0;40.0;110.0;36.0
1064;64.0;11.0;56.0;155.0;41.0
1065;48.0;13.0;28.0;147.0;32.0
1066;143.0;33.0;100.0;277.0;98.0
1067;40.0;8.0;47.0;93.0;64.0
1068;46.0;10.0;51.0;124.0;58.0
1069;137.0;39.0;148.0;524.0;61.0
1070;107.0;38.0;119.0;532.0;67.0
1071;34.0;5.0;12.0;51.0;23.0
1072;74.0;11.0;8.0;21.0;15.0
1073;37.0;8.0;22.0;33.0;14.0
1074;61.0;18.0;9.0;15.0;20.0
1075;72.0;25.0;25.0;163.0;13.0
1077;6.0;1.0;3.0;1.0;4.0
1078;37.0;5.0;16.0;43.0;61.0
1079;12.0;2.0;3.0;27.0;4.0
1080;18.0;6.0;8.0;42.0;5.0
1081;147.0;36.0;34.0;179.0;33.0
11001;31.0;1.0;17.0;130.0;23.0
11002;29.0;1.0;20.0;95.0;13.0
11003;4.0;2.0;1.0;10.0;3.0
11005;5.0;2.0;4.0;29.0;1.0
11006;8.0;0.0;4.0;30.0;0.0
11007;11.0;2.0;5.0;86.0;1.0
11008;1.0;0.0;2.0;8.0;1.0
11009;2.0;0.0;0.0;9.0;0.0
1101;106.0;17.0;9.0;101.0;5.0
11010;4.0;3.0;1.0;9.0;0.0
11011;0.0;0.0;0.0;4.0;0.0
11014;0.0;0.0;0.0;17.0;0.0
11015;0.0;0.0;2.0;18.0;0.0
11016;1.0;0.0;1.0;9.0;0.0
1102;4.0;0.0;2.0;22.0;0.0
1103;28.0;10.0;11.0;41.0;49.0
1104;109.0;15.0;15.0;81.0;9.0
1105;3.0;0.0;1.0;6.0;0.0
1106;210.0;26.0;60.0;227.0;56.0
1107;226.0;31.0;71.0;360.0;31.0
1108;123.0;29.0;34.0;164.0;17.0
1109;156.0;38.0;40.0;239.0;21.0
1110;98.0;38.0;17.0;370.0;6.0
1111;28.0;5.0;7.0;125.0;0.0
1112;5.0;0.0;2.0;20.0;0.0
1113;49.0;8.0;11.0;77.0;3.0
1114;80.0;24.0;14.0;280.0;6.0
1115;8.0;3.0;17.0;38.0;0.0
1116;49.0;11.0;38.0;144.0;2.0
1117;46.0;8.0;15.0;45.0;0.0
1118;7.0;2.0;3.0;63.0;1.0
1119;163.0;29.0;59.0;387.0;26.0
1120;1.0;3.0;6.0;26.0;0.0
11201;2.0;0.0;1.0;22.0;0.0
11202;0.0;0.0;0.0;10.0;0.0
1121;38.0;14.0;11.0;79.0;14.0
1122;75.0;16.0;36.0;218.0;108.0
1123;7.0;3.0;1.0;17.0;0.0
1124;122.0;27.0;44.0;152.0;46.0
1125;101.0;19.0;14.0;41.0;26.0
1126;111.0;28.0;75.0;322.0;38.0
1127;46.0;8.0;25.0;86.0;17.0
1128;175.0;22.0;34.0;99.0;50.0
1129;183.0;22.0;33.0;125.0;44.0
1130;132.0;18.0;20.0;98.0;32.0
11301;10.0;3.0;7.0;27.0;1.0
11302;0.0;0.0;3.0;28.0;0.0
1131;50.0;19.0;11.0;146.0;3.0
1132;143.0;23.0;8.0;78.0;7.0
1133;49.0;14.0;11.0;68.0;5.0
1134;124.0;17.0;12.0;135.0;10.0
1135;97.0;24.0;20.0;183.0;6.0
1136;93.0;20.0;13.0;123.0;5.0
1137;5.0;1.0;0.0;10.0;0.0
1138;36.0;10.0;10.0;72.0;2.0
1139;84.0;28.0;26.0;280.0;26.0
1140;181.0;34.0;31.0;205.0;26.0
1142;425.0;47.0;51.0;263.0;117.0
1143;54.0;5.0;32.0;78.0;109.0
1144;181.0;21.0;30.0;213.0;43.0
1145;4.0;0.0;0.0;8.0;0.0
1146;0.0;0.0;0.0;5.0;0.0
1147;14.0;2.0;2.0;7.0;3.0
1148;4.0;4.0;1.0;3.0;0.0
1149;21.0;5.0;7.0;56.0;13.0
1150;0.0;1.0;4.0;22.0;0.0
1151;527.0;40.0;37.0;178.0;120.0
1152;89.0;3.0;2.0;17.0;37.0
1153;21.0;7.0;3.0;46.0;3.0
1155;5.0;1.0;1.0;41.0;1.0
1156;11.0;1.0;7.0;45.0;3.0
1157;2.0;0.0;3.0;14.0;0.0
1158;46.0;13.0;16.0;35.0;30.0
1159;112.0;9.0;28.0;50.0;42.0
1160;1.0;0.0;0.0;6.0;0.0
1161;4.0;0.0;4.0;15.0;0.0
12001;8.0;1.0;1.0;22.0;1.0
12002;12.0;2.0;8.0;29.0;11.0
12003;44.0;15.0;29.0;212.0;32.0
12004;32.0;9.0;27.0;78.0;15.0
12005;55.0;22.0;16.0;129.0;9.0
12007;33.0;10.0;12.0;91.0;6.0
12008;43.0;6.0;12.0;175.0;2.0
12009;25.0;3.0;6.0;47.0;1.0
1201;37.0;6.0;8.0;31.0;3.0
12010;1.0;1.0;0.0;2.0;0.0
12011;1.0;1.0;3.0;32.0;1.0
12012;7.0;1.0;2.0;5.0;0.0
12013;16.0;7.0;11.0;34.0;2.0
12014;43.0;9.0;5.0;68.0;7.0
12015;27.0;1.0;1.0;12.0;16.0
12016;48.0;12.0;23.0;78.0;17.0
12017;3.0;4.0;0.0;79.0;0.0
12019;44.0;14.0;13.0;155.0;4.0
1202;89.0;21.0;21.0;125.0;6.0
12020;4.0;2.0;1.0;20.0;0.0
12022;3.0;4.0;1.0;18.0;0.0
12023;0.0;0.0;0.0;7.0;1.0
12025;12.0;2.0;5.0;19.0;0.0
12026;24.0;4.0;4.0;28.0;3.0
12027;3.0;3.0;0.0;2.0;1.0
12028;14.0;10.0;1.0;21.0;1.0
12029;6.0;5.0;10.0;32.0;2.0
1203;28.0;10.0;11.0;170.0;12.0
12032;0.0;0.0;0.0;1.0;0.0
12034;173.0;13.0;106.0;188.0;140.0
12035;3.0;0.0;0.0;16.0;0.0
12036;6.0;1.0;0.0;50.0;0.0
12038;1.0;0.0;0.0;7.0;0.0
12039;5.0;1.0;5.0;11.0;2.0
1204;188.0;22.0;71.0;403.0;100.0
12040;3.0;1.0;2.0;0.0;0.0
12041;7.0;0.0;0.0;7.0;0.0
12042;3.0;0.0;0.0;18.0;0.0
12043;40.0;2.0;18.0;40.0;1.0
12044;21.0;3.0;6.0;80.0;2.0
1205;62.0;11.0;44.0;250.0;89.0
1206;19.0;11.0;6.0;60.0;0.0
1207;29.0;9.0;13.0;111.0;3.0
1208;20.0;3.0;13.0;50.0;2.0
1209;12.0;5.0;16.0;90.0;2.0
1210;6.0;1.0;1.0;68.0;0.0
1211;110.0;32.0;28.0;251.0;6.0
1212;25.0;7.0;3.0;38.0;0.0
1213;52.0;9.0;8.0;64.0;0.0
1214;65.0;15.0;22.0;145.0;10.0
1215;37.0;7.0;9.0;107.0;6.0
1216;17.0;1.0;0.0;36.0;0.0
1217;29.0;5.0;6.0;65.0;0.0
1218;101.0;15.0;16.0;229.0;4.0
1219;54.0;8.0;10.0;86.0;6.0
1220;30.0;7.0;8.0;34.0;0.0
1221;81.0;16.0;25.0;185.0;14.0
1222;13.0;1.0;4.0;28.0;1.0
1223;107.0;23.0;24.0;229.0;7.0
1224;48.0;15.0;6.0;130.0;2.0
1225;65.0;14.0;12.0;132.0;9.0
1226;4.0;1.0;1.0;34.0;0.0
1227;10.0;2.0;5.0;62.0;0.0
1228;40.0;5.0;4.0;53.0;2.0
1229;12.0;1.0;0.0;62.0;0.0
1230;17.0;1.0;2.0;47.0;1.0
1231;37.0;8.0;3.0;109.0;1.0
1232;96.0;14.0;21.0;91.0;3.0
1233;5.0;0.0;1.0;26.0;0.0
1234;12.0;2.0;2.0;31.0;1.0
1235;40.0;14.0;8.0;97.0;4.0
1236;7.0;1.0;1.0;37.0;0.0
1238;2.0;2.0;2.0;9.0;1.0
1239;14.0;0.0;1.0;24.0;0.0
1240;1.0;0.0;0.0;0.0;0.0
1241;19.0;4.0;3.0;35.0;1.0
1242;26.0;7.0;6.0;63.0;1.0
1243;7.0;5.0;2.0;11.0;0.0
1244;42.0;10.0;12.0;62.0;3.0
1246;24.0;1.0;2.0;78.0;0.0
1247;15.0;2.0;4.0;68.0;1.0
1248;21.0;5.0;0.0;58.0;0.0
1249;6.0;1.0;3.0;36.0;0.0
1250;58.0;12.0;5.0;72.0;2.0
1251;2.0;0.0;1.0;0.0;0.0
1252;29.0;2.0;4.0;20.0;0.0
1253;15.0;0.0;1.0;18.0;2.0
1254;65.0;10.0;13.0;104.0;9.0
1256;1.0;0.0;0.0;3.0;0.0
1257;4.0;1.0;0.0;1.0;0.0
1258;8.0;3.0;1.0;15.0;0.0
1259;6.0;0.0;4.0;13.0;0.0
1260;0.0;0.0;0.0;1.0;0.0
1261;25.0;2.0;3.0;78.0;2.0
1262;10.0;1.0;4.0;35.0;0.0
1263;17.0;2.0;4.0;22.0;2.0
1264;30.0;1.0;6.0;46.0;2.0
1265;1.0;2.0;0.0;1.0;2.0
1266;20.0;1.0;0.0;13.0;4.0
1267;1.0;0.0;1.0;13.0;5.0
1268;3.0;0.0;1.0;0.0;0.0
13001;38.0;5.0;36.0;177.0;28.0
13002;17.0;1.0;5.0;18.0;1.0
13003;12.0;3.0;5.0;52.0;2.0
13004;3.0;0.0;1.0;6.0;0.0
13007;25.0;2.0;17.0;33.0;4.0
13008;4.0;1.0;3.0;2.0;0.0
13009;21.0;5.0;4.0;62.0;3.0
1301;113.0;22.0;36.0;179.0;12.0
13010;6.0;1.0;4.0;20.0;1.0
13011;19.0;2.0;7.0;15.0;1.0
13012;66.0;11.0;27.0;132.0;9.0
13015;6.0;0.0;2.0;25.0;0.0
13017;2.0;0.0;1.0;17.0;0.0
13018;0.0;0.0;1.0;3.0;0.0
13019;2.0;2.0;1.0;13.0;0.0
1302;19.0;4.0;2.0;17.0;1.0
13020;2.0;0.0;0.0;9.0;0.0
13021;2.0;0.0;0.0;4.0;0.0
13022;5.0;3.0;1.0;6.0;1.0
13023;53.0;9.0;22.0;83.0;30.0
13024;35.0;3.0;11.0;53.0;1.0
13025;5.0;0.0;0.0;11.0;0.0
1303;79.0;20.0;28.0;222.0;17.0
1304;15.0;4.0;2.0;72.0;1.0
1305;54.0;17.0;10.0;78.0;6.0
1306;138.0;51.0;57.0;357.0;22.0
1307;38.0;13.0;13.0;154.0;2.0
1308;69.0;12.0;19.0;162.0;10.0
1309;66.0;16.0;11.0;106.0;0.0
1310;60.0;21.0;24.0;242.0;8.0
13101;1.0;0.0;0.0;3.0;1.0
13102;15.0;2.0;6.0;16.0;1.0
13103;3.0;2.0;2.0;15.0;0.0
13104;0.0;0.0;0.0;5.0;0.0
1311;24.0;10.0;9.0;48.0;0.0
1312;34.0;11.0;12.0;97.0;5.0
1313;54.0;7.0;14.0;148.0;9.0
1314;165.0;28.0;67.0;270.0;22.0
1315;14.0;4.0;7.0;52.0;0.0
1316;31.0;1.0;11.0;11.0;3.0
1317;94.0;18.0;16.0;95.0;4.0
1318;119.0;19.0;27.0;203.0;12.0
1319;35.0;6.0;18.0;63.0;13.0
1320;82.0;22.0;31.0;258.0;31.0
13201;5.0;0.0;1.0;10.0;0.0
13202;1.0;0.0;0.0;7.0;0.0
13203;0.0;0.0;1.0;4.0;0.0
13204;0.0;0.0;0.0;2.0;0.0
13205;2.0;0.0;2.0;6.0;0.0
1321;97.0;36.0;35.0;189.0;20.0
1322;82.0;15.0;19.0;96.0;10.0
1323;41.0;5.0;46.0;220.0;8.0
1324;119.0;29.0;28.0;237.0;23.0
1325;3.0;0.0;0.0;0.0;0.0
1326;44.0;14.0;21.0;28.0;11.0
1327;46.0;4.0;22.0;149.0;53.0
1328;74.0;20.0;40.0;144.0;9.0
1329;39.0;7.0;31.0;154.0;8.0
1330;46.0;15.0;18.0;114.0;15.0
13301;8.0;0.0;1.0;21.0;0.0
1331;51.0;11.0;17.0;171.0;12.0
1332;21.0;11.0;17.0;134.0;7.0
1333;26.0;9.0;5.0;54.0;1.0
1334;11.0;4.0;7.0;30.0;2.0
1335;27.0;3.0;17.0;120.0;2.0
1336;41.0;9.0;10.0;95.0;5.0
1337;35.0;5.0;7.0;36.0;0.0
1338;41.0;10.0;15.0;61.0;0.0
1339;7.0;0.0;1.0;11.0;0.0
1340;8.0;2.0;2.0;32.0;0.0
1341;182.0;36.0;40.0;273.0;31.0
1342;87.0;10.0;12.0;98.0;7.0
1343;10.0;0.0;0.0;25.0;0.0
1344;27.0;4.0;8.0;68.0;2.0
1345;95.0;25.0;25.0;228.0;3.0
1346;42.0;21.0;20.0;200.0;2.0
1347;19.0;2.0;6.0;45.0;1.0
1348;30.0;9.0;12.0;90.0;2.0
1349;45.0;12.0;9.0;67.0;7.0
1350;46.0;8.0;8.0;56.0;5.0
1351;22.0;4.0;7.0;30.0;1.0
1352;159.0;21.0;26.0;204.0;13.0
1353;32.0;7.0;7.0;68.0;1.0
1354;12.0;1.0;5.0;25.0;2.0
1355;220.0;11.0;29.0;202.0;32.0
1356;6.0;0.0;3.0;7.0;0.0
1357;108.0;29.0;19.0;110.0;18.0
1358;82.0;19.0;18.0;91.0;12.0
1359;67.0;9.0;10.0;51.0;12.0
1360;54.0;9.0;15.0;74.0;7.0
1361;37.0;4.0;13.0;38.0;5.0
1362;101.0;20.0;33.0;235.0;21.0
1363;44.0;12.0;12.0;51.0;3.0
1364;41.0;12.0;6.0;77.0;2.0
1365;67.0;13.0;19.0;75.0;4.0
1366;14.0;2.0;4.0;14.0;2.0
1367;20.0;8.0;6.0;66.0;1.0
1368;56.0;18.0;21.0;98.0;3.0
1369;14.0;7.0;8.0;91.0;2.0
1370;12.0;7.0;4.0;22.0;0.0
1371;100.0;13.0;19.0;59.0;7.0
1372;0.0;1.0;0.0;10.0;0.0
1373;150.0;14.0;32.0;132.0;10.0
1374;30.0;0.0;3.0;18.0;3.0
1375;16.0;2.0;3.0;27.0;0.0
1376;2.0;0.0;3.0;4.0;0.0
1378;8.0;1.0;3.0;28.0;1.0
1380;19.0;7.0;4.0;31.0;1.0
1381;0.0;0.0;0.0;2.0;0.0
1382;29.0;7.0;21.0;73.0;4.0
1383;17.0;2.0;4.0;48.0;0.0
1384;30.0;3.0;6.0;33.0;1.0
1385;13.0;3.0;4.0;36.0;5.0
1386;12.0;4.0;2.0;11.0;0.0
1388;39.0;12.0;12.0;110.0;4.0
1389;17.0;3.0;1.0;16.0;2.0
1390;17.0;12.0;15.0;201.0;2.0
1391;16.0;4.0;6.0;50.0;0.0
1392;9.0;2.0;3.0;19.0;3.0
1393;32.0;11.0;11.0;81.0;2.0
1394;0.0;0.0;0.0;1.0;0.0
14001;17.0;5.0;8.0;96.0;4.0
14002;4.0;2.0;1.0;22.0;1.0
14003;14.0;2.0;2.0;40.0;2.0
14004;4.0;0.0;3.0;11.0;0.0
14005;2.0;0.0;0.0;1.0;0.0
14006;2.0;1.0;0.0;7.0;0.0
1401;1.0;0.0;0.0;15.0;0.0
1402;44.0;15.0;19.0;102.0;5.0
1403;175.0;21.0;31.0;138.0;29.0
1404;92.0;23.0;19.0;111.0;15.0
1405;137.0;52.0;16.0;136.0;7.0
1406;96.0;18.0;24.0;69.0;27.0
1407;281.0;58.0;46.0;220.0;51.0
1408;103.0;22.0;19.0;127.0;20.0
1409;76.0;23.0;15.0;163.0;7.0
1410;10.0;6.0;12.0;80.0;1.0
1411;49.0;7.0;23.0;147.0;27.0
1412;197.0;21.0;33.0;175.0;42.0
1413;50.0;14.0;5.0;59.0;7.0
1414;60.0;10.0;5.0;31.0;6.0
1415;363.0;44.0;44.0;218.0;68.0
1416;69.0;19.0;12.0;67.0;5.0
1417;41.0;11.0;6.0;61.0;0.0
1418;54.0;16.0;9.0;218.0;9.0
1419;52.0;10.0;5.0;41.0;2.0
1420;318.0;67.0;26.0;338.0;43.0
1421;99.0;21.0;22.0;81.0;25.0
1422;74.0;18.0;23.0;85.0;15.0
1423;29.0;4.0;4.0;12.0;7.0
1424;36.0;7.0;16.0;84.0;7.0
1425;15.0;15.0;3.0;154.0;2.0
1426;165.0;30.0;31.0;291.0;33.0
1427;81.0;16.0;21.0;122.0;18.0
1428;81.0;19.0;7.0;33.0;8.0
1429;2.0;0.0;0.0;8.0;0.0
1430;35.0;7.0;3.0;12.0;1.0
1431;38.0;11.0;4.0;30.0;2.0
1433;94.0;15.0;22.0;68.0;8.0
1434;15.0;1.0;3.0;10.0;3.0
1435;129.0;17.0;27.0;187.0;12.0
1436;103.0;15.0;25.0;125.0;13.0
1437;39.0;6.0;1.0;6.0;7.0
1438;132.0;21.0;41.0;212.0;40.0
1439;86.0;13.0;5.0;33.0;7.0
1442;3.0;1.0;4.0;17.0;1.0
1443;130.0;37.0;39.0;258.0;13.0
1444;0.0;0.0;0.0;0.0;1.0
1445;0.0;0.0;0.0;7.0;0.0
1446;50.0;10.0;6.0;7.0;9.0
1447;10.0;3.0;5.0;34.0;10.0
1448;36.0;7.0;2.0;10.0;5.0
1449;323.0;32.0;30.0;184.0;55.0
1450;13.0;2.0;2.0;53.0;1.0
1451;10.0;3.0;1.0;25.0;0.0
1452;8.0;0.0;3.0;5.0;1.0
1453;0.0;0.0;0.0;2.0;0.0
1454;35.0;4.0;5.0;34.0;7.0
1455;1.0;1.0;1.0;7.0;0.0
15001;68.0;9.0;32.0;211.0;16.0
15002;32.0;6.0;13.0;84.0;32.0
15003;11.0;0.0;2.0;19.0;6.0
15004;20.0;2.0;12.0;90.0;2.0
15005;31.0;10.0;6.0;92.0;2.0
15006;62.0;13.0;10.0;153.0;2.0
15007;3.0;0.0;2.0;8.0;1.0
15008;14.0;3.0;1.0;37.0;2.0
15009;56.0;5.0;14.0;197.0;16.0
1501;30.0;17.0;8.0;121.0;8.0
15010;14.0;4.0;1.0;45.0;0.0
15011;5.0;1.0;0.0;4.0;0.0
15012;10.0;2.0;2.0;22.0;1.0
15013;49.0;8.0;2.0;131.0;5.0
15014;3.0;8.0;0.0;15.0;0.0
15016;1.0;0.0;0.0;0.0;0.0
15017;1.0;5.0;2.0;10.0;0.0
15018;9.0;5.0;1.0;46.0;0.0
15019;1.0;0.0;0.0;13.0;0.0
1502;49.0;11.0;10.0;170.0;4.0
15020;9.0;0.0;5.0;106.0;4.0
15021;19.0;2.0;2.0;45.0;0.0
15022;13.0;5.0;0.0;59.0;0.0
15023;14.0;1.0;2.0;46.0;3.0
15024;9.0;2.0;0.0;25.0;0.0
15025;15.0;4.0;7.0;83.0;2.0
15026;1.0;4.0;1.0;40.0;0.0
15028;14.0;4.0;2.0;49.0;1.0
15029;8.0;1.0;4.0;41.0;0.0
1503;38.0;16.0;4.0;34.0;4.0
15030;8.0;1.0;3.0;17.0;0.0
15031;2.0;0.0;3.0;14.0;0.0
15032;6.0;3.0;0.0;21.0;0.0
15033;0.0;0.0;1.0;11.0;0.0
15034;13.0;4.0;6.0;49.0;0.0
1504;85.0;34.0;23.0;211.0;8.0
1505;20.0;9.0;3.0;115.0;2.0
1506;81.0;22.0;22.0;154.0;10.0
1507;101.0;39.0;25.0;99.0;16.0
1508;6.0;1.0;0.0;21.0;0.0
1509;132.0;39.0;24.0;195.0;16.0
1510;116.0;35.0;39.0;112.0;13.0
1511;130.0;33.0;31.0;176.0;31.0
1512;102.0;26.0;25.0;157.0;27.0
1513;18.0;6.0;5.0;60.0;3.0
1514;50.0;12.0;15.0;44.0;6.0
1515;25.0;8.0;10.0;48.0;1.0
1516;18.0;5.0;3.0;62.0;1.0
1517;80.0;16.0;12.0;214.0;0.0
1518;80.0;28.0;13.0;270.0;1.0
1519;59.0;19.0;18.0;123.0;1.0
1520;77.0;32.0;20.0;274.0;4.0
15201;15.0;1.0;5.0;50.0;7.0
15202;14.0;0.0;5.0;28.0;1.0
15203;8.0;3.0;5.0;69.0;2.0
15204;25.0;4.0;11.0;90.0;6.0
15205;40.0;13.0;11.0;138.0;10.0
15206;38.0;9.0;10.0;151.0;5.0
15207;19.0;8.0;11.0;109.0;1.0
15208;44.0;7.0;5.0;159.0;3.0
15209;35.0;14.0;8.0;74.0;0.0
1521;76.0;22.0;18.0;244.0;1.0
15210;2.0;0.0;2.0;37.0;1.0
15211;10.0;0.0;3.0;40.0;1.0
15212;35.0;17.0;16.0;176.0;6.0
15213;10.0;0.0;1.0;7.0;0.0
15214;49.0;22.0;17.0;181.0;1.0
15215;28.0;11.0;9.0;101.0;1.0
15217;2.0;0.0;1.0;14.0;0.0
15218;9.0;2.0;0.0;17.0;0.0
15219;16.0;2.0;4.0;36.0;1.0
1522;116.0;28.0;30.0;359.0;14.0
15223;9.0;2.0;2.0;29.0;0.0
15224;12.0;3.0;1.0;31.0;0.0
15225;2.0;1.0;0.0;7.0;0.0
15226;10.0;4.0;4.0;54.0;0.0
15227;53.0;7.0;7.0;179.0;1.0
15229;11.0;4.0;2.0;83.0;1.0
1523;98.0;15.0;27.0;205.0;5.0
1524;211.0;31.0;40.0;328.0;25.0
1525;27.0;6.0;3.0;54.0;1.0
1526;297.0;53.0;117.0;316.0;83.0
1527;37.0;0.0;2.0;11.0;2.0
1528;141.0;29.0;33.0;154.0;24.0
1529;204.0;39.0;43.0;138.0;55.0
1530;14.0;9.0;6.0;11.0;3.0
1531;203.0;50.0;63.0;457.0;42.0
1532;55.0;15.0;13.0;54.0;19.0
1533;45.0;23.0;10.0;27.0;8.0
1534;15.0;8.0;3.0;27.0;36.0
1535;110.0;43.0;17.0;134.0;24.0
1536;35.0;4.0;5.0;28.0;14.0
1538;37.0;13.0;7.0;15.0;8.0
1539;45.0;21.0;12.0;37.0;15.0
1540;8.0;1.0;1.0;4.0;2.0
1541;2.0;2.0;0.0;11.0;0.0
1542;14.0;3.0;1.0;17.0;1.0
1543;1.0;1.0;2.0;0.0;0.0
1544;7.0;2.0;0.0;26.0;0.0
1545;27.0;7.0;6.0;59.0;1.0
1546;164.0;65.0;39.0;303.0;22.0
1547;66.0;22.0;16.0;78.0;15.0
1548;76.0;29.0;24.0;113.0;11.0
1549;10.0;4.0;1.0;33.0;0.0
1550;7.0;8.0;0.0;6.0;1.0
16001;5.0;3.0;8.0;4.0;0.0
16002;10.0;3.0;4.0;21.0;1.0
16003;4.0;1.0;35.0;13.0;0.0
16005;0.0;1.0;1.0;3.0;0.0
16007;41.0;11.0;199.0;21.0;1.0
16008;22.0;16.0;568.0;40.0;8.0
16009;6.0;0.0;7.0;2.0;1.0
1601;78.0;19.0;14.0;92.0;10.0
1602;119.0;25.0;23.0;194.0;34.0
1603;172.0;37.0;52.0;372.0;22.0
1604;143.0;16.0;25.0;108.0;29.0
1605;8.0;2.0;2.0;15.0;0.0
1606;57.0;14.0;23.0;213.0;14.0
1607;44.0;4.0;5.0;55.0;3.0
1608;69.0;18.0;13.0;64.0;11.0
1609;151.0;29.0;72.0;246.0;85.0
1610;204.0;36.0;26.0;91.0;31.0
1611;60.0;9.0;12.0;89.0;14.0
1612;56.0;18.0;30.0;132.0;9.0
1613;103.0;16.0;18.0;248.0;7.0
1614;81.0;11.0;8.0;60.0;10.0
1615;14.0;1.0;10.0;82.0;3.0
1616;8.0;5.0;3.0;47.0;0.0
1617;30.0;11.0;10.0;38.0;2.0
1618;56.0;13.0;23.0;173.0;17.0
1619;78.0;21.0;24.0;191.0;6.0
1620;28.0;9.0;15.0;83.0;11.0
1621;57.0;20.0;16.0;70.0;9.0
1622;25.0;15.0;12.0;30.0;3.0
1623;54.0;12.0;15.0;136.0;13.0
1624;70.0;16.0;12.0;83.0;7.0
1625;23.0;5.0;4.0;24.0;3.0
1626;126.0;35.0;26.0;103.0;23.0
1627;57.0;13.0;7.0;110.0;2.0
1628;80.0;21.0;27.0;160.0;4.0
1629;42.0;9.0;7.0;93.0;2.0
1630;53.0;9.0;9.0;125.0;6.0
1631;15.0;2.0;4.0;71.0;3.0
1632;45.0;17.0;6.0;72.0;1.0
1633;44.0;13.0;8.0;100.0;5.0
1634;34.0;9.0;9.0;62.0;5.0
1635;21.0;16.0;4.0;43.0;2.0
1636;29.0;7.0;4.0;41.0;0.0
1637;24.0;5.0;4.0;47.0;1.0
1638;76.0;16.0;13.0;258.0;4.0
1639;32.0;9.0;3.0;92.0;2.0
1640;26.0;3.0;6.0;83.0;3.0
1641;27.0;5.0;1.0;55.0;2.0
1642;19.0;4.0;5.0;44.0;1.0
1643;36.0;2.0;3.0;55.0;3.0
1644;44.0;4.0;8.0;84.0;1.0
1645;5.0;1.0;0.0;3.0;0.0
1646;8.0;1.0;0.0;23.0;0.0
1647;4.0;1.0;1.0;31.0;0.0
1648;29.0;8.0;5.0;75.0;0.0
1649;5.0;0.0;2.0;14.0;0.0
1650;166.0;21.0;28.0;85.0;49.0
1651;14.0;5.0;2.0;5.0;4.0
1652;17.0;6.0;3.0;37.0;4.0
1653;131.0;20.0;13.0;76.0;20.0
1654;8.0;20.0;10.0;147.0;8.0
1655;63.0;15.0;18.0;118.0;22.0
1656;26.0;11.0;12.0;41.0;1.0
1657;16.0;9.0;4.0;24.0;0.0
1658;10.0;0.0;1.0;34.0;0.0
1659;40.0;7.0;5.0;55.0;2.0
1660;5.0;4.0;0.0;32.0;0.0
1661;0.0;0.0;0.0;1.0;0.0
1662;2.0;0.0;1.0;11.0;1.0
1663;18.0;7.0;2.0;20.0;0.0
1664;24.0;3.0;1.0;35.0;1.0
1665;14.0;6.0;1.0;13.0;0.0
1666;11.0;3.0;2.0;27.0;2.0
1667;16.0;1.0;2.0;24.0;0.0
1668;10.0;1.0;5.0;29.0;0.0
1669;23.0;5.0;4.0;83.0;0.0
1670;10.0;1.0;2.0;39.0;0.0
1671;6.0;1.0;1.0;3.0;0.0
1672;29.0;6.0;6.0;68.0;6.0
17001;116.0;28.0;45.0;363.0;36.0
17002;17.0;2.0;8.0;61.0;2.0
17003;5.0;0.0;0.0;12.0;0.0
17004;6.0;4.0;5.0;46.0;1.0
17005;24.0;6.0;5.0;54.0;0.0
17006;8.0;1.0;1.0;25.0;0.0
17007;30.0;8.0;21.0;102.0;10.0
17008;21.0;6.0;8.0;68.0;0.0
17009;8.0;3.0;4.0;19.0;0.0
1701;48.0;14.0;11.0;118.0;21.0
17010;6.0;3.0;5.0;10.0;0.0
17011;3.0;0.0;1.0;8.0;0.0
17013;1.0;0.0;0.0;3.0;0.0
17015;1.0;0.0;1.0;9.0;0.0
17016;8.0;3.0;0.0;17.0;0.0
17017;1.0;0.0;0.0;0.0;0.0
17018;0.0;1.0;0.0;0.0;0.0
1702;43.0;4.0;3.0;91.0;6.0
1703;28.0;3.0;3.0;17.0;4.0
1704;52.0;16.0;10.0;76.0;5.0
1705;63.0;14.0;15.0;178.0;4.0
1706;48.0;12.0;13.0;133.0;3.0
1707;11.0;3.0;2.0;65.0;2.0
1708;61.0;14.0;6.0;186.0;0.0
1709;93.0;21.0;27.0;205.0;12.0
1710;35.0;5.0;7.0;60.0;0.0
17101;60.0;18.0;28.0;161.0;3.0
17102;58.0;17.0;17.0;195.0;6.0
17103;5.0;1.0;1.0;6.0;0.0
17104;6.0;0.0;0.0;11.0;0.0
17105;49.0;9.0;8.0;99.0;1.0
17106;153.0;31.0;44.0;278.0;17.0
17107;41.0;8.0;13.0;140.0;3.0
17108;16.0;8.0;6.0;104.0;1.0
17109;3.0;0.0;1.0;11.0;0.0
1711;39.0;7.0;2.0;91.0;2.0
17111;7.0;0.0;0.0;20.0;0.0
17112;6.0;1.0;3.0;32.0;3.0
17113;30.0;3.0;1.0;21.0;0.0
1712;55.0;10.0;14.0;188.0;6.0
1713;39.0;14.0;8.0;108.0;1.0
1714;129.0;22.0;53.0;448.0;91.0
1715;31.0;12.0;5.0;70.0;0.0
1716;62.0;13.0;14.0;151.0;1.0
1717;41.0;13.0;11.0;89.0;2.0
1718;70.0;10.0;11.0;116.0;1.0
1719;95.0;24.0;13.0;171.0;4.0
1720;86.0;17.0;20.0;171.0;8.0
17202;2.0;1.0;0.0;21.0;0.0
17203;3.0;0.0;0.0;3.0;0.0
1721;87.0;18.0;15.0;171.0;9.0
1722;35.0;17.0;8.0;31.0;3.0
1723;107.0;18.0;24.0;185.0;6.0
1724;134.0;26.0;29.0;172.0;8.0
1725;90.0;13.0;22.0;212.0;46.0
1726;79.0;10.0;9.0;101.0;11.0
1727;61.0;17.0;6.0;114.0;6.0
1728;74.0;5.0;9.0;79.0;6.0
1729;102.0;17.0;16.0;160.0;13.0
1730;110.0;20.0;27.0;112.0;5.0
17301;4.0;1.0;0.0;35.0;0.0
17303;2.0;1.0;1.0;1.0;0.0
17304;6.0;6.0;6.0;62.0;0.0
17305;7.0;4.0;0.0;36.0;0.0
1731;27.0;8.0;11.0;106.0;14.0
1732;1.0;2.0;0.0;10.0;0.0
1733;19.0;1.0;2.0;30.0;0.0
1734;3.0;0.0;0.0;13.0;1.0
1735;2.0;3.0;0.0;1.0;0.0
1736;26.0;11.0;4.0;70.0;4.0
1737;26.0;9.0;5.0;88.0;0.0
1738;2.0;0.0;0.0;5.0;0.0
1740;44.0;16.0;1.0;61.0;1.0
1741;59.0;12.0;16.0;125.0;13.0
18001;12.0;4.0;10.0;54.0;5.0
18002;26.0;9.0;6.0;60.0;5.0
18003;2.0;3.0;0.0;20.0;0.0
18004;35.0;13.0;9.0;108.0;18.0
18005;22.0;2.0;6.0;79.0;7.0
18006;30.0;14.0;9.0;112.0;5.0
18007;10.0;3.0;5.0;21.0;2.0
18008;25.0;6.0;10.0;73.0;5.0
1801;49.0;11.0;13.0;82.0;1.0
18010;6.0;0.0;0.0;10.0;0.0
18011;19.0;4.0;5.0;47.0;4.0
18012;7.0;2.0;6.0;29.0;0.0
18013;0.0;0.0;0.0;2.0;0.0
18015;5.0;0.0;5.0;49.0;1.0
18016;3.0;0.0;1.0;18.0;0.0
18017;1.0;2.0;1.0;4.0;2.0
18018;2.0;0.0;0.0;1.0;1.0
18019;10.0;2.0;0.0;22.0;1.0
1802;25.0;10.0;4.0;108.0;0.0
18020;0.0;0.0;0.0;3.0;1.0
18021;0.0;0.0;1.0;6.0;0.0
18022;2.0;0.0;1.0;20.0;0.0
18023;0.0;0.0;0.0;5.0;0.0
18024;0.0;0.0;0.0;1.0;0.0
18025;7.0;2.0;1.0;20.0;0.0
18026;2.0;0.0;0.0;4.0;0.0
1803;4.0;1.0;2.0;4.0;2.0
1804;48.0;7.0;7.0;96.0;1.0
1805;44.0;12.0;14.0;175.0;5.0
1806;8.0;1.0;3.0;25.0;0.0
1807;39.0;12.0;2.0;56.0;1.0
1808;41.0;8.0;8.0;102.0;6.0
1809;117.0;30.0;40.0;403.0;19.0
1810;94.0;22.0;11.0;85.0;7.0
18101;53.0;12.0;13.0;222.0;2.0
18102;74.0;18.0;14.0;219.0;2.0
18103;71.0;17.0;4.0;262.0;0.0
18104;134.0;29.0;49.0;438.0;55.0
18105;55.0;7.0;17.0;201.0;10.0
18106;50.0;19.0;13.0;240.0;7.0
18107;29.0;9.0;3.0;21.0;4.0
18108;1.0;1.0;2.0;10.0;0.0
18109;17.0;1.0;4.0;52.0;18.0
1811;86.0;18.0;19.0;65.0;3.0
18110;5.0;5.0;1.0;23.0;0.0
18111;1.0;0.0;1.0;4.0;0.0
18112;32.0;10.0;5.0;72.0;2.0
18114;1.0;0.0;2.0;20.0;0.0
18116;3.0;1.0;3.0;48.0;1.0
18117;9.0;7.0;4.0;40.0;2.0
1812;30.0;12.0;9.0;114.0;6.0
1813;52.0;10.0;10.0;101.0;17.0
1814;61.0;6.0;23.0;146.0;10.0
1815;140.0;44.0;37.0;269.0;21.0
1816;99.0;24.0;22.0;304.0;12.0
1817;124.0;23.0;30.0;249.0;42.0
1818;28.0;9.0;5.0;73.0;0.0
1819;22.0;2.0;2.0;35.0;0.0
1820;16.0;4.0;1.0;74.0;0.0
1821;4.0;0.0;0.0;17.0;0.0
1822;37.0;7.0;7.0;88.0;3.0
1823;19.0;7.0;4.0;30.0;1.0
1824;3.0;2.0;0.0;20.0;0.0
1825;90.0;25.0;19.0;167.0;1.0
1826;122.0;23.0;21.0;393.0;12.0
1827;52.0;16.0;13.0;136.0;5.0
1828;98.0;26.0;26.0;232.0;12.0
1829;8.0;4.0;0.0;10.0;0.0
1830;21.0;5.0;6.0;224.0;0.0
1831;37.0;12.0;18.0;168.0;13.0
1832;0.0;0.0;0.0;2.0;0.0
1833;25.0;4.0;3.0;24.0;0.0
1834;28.0;3.0;5.0;19.0;1.0
1835;16.0;5.0;5.0;11.0;1.0
1836;10.0;2.0;5.0;9.0;0.0
1837;16.0;8.0;2.0;39.0;1.0
1838;44.0;5.0;7.0;121.0;3.0
1839;2.0;0.0;0.0;14.0;0.0
19101;4.0;1.0;1.0;7.0;0.0
19102;0.0;0.0;4.0;4.0;1.0
19103;3.0;1.0;1.0;10.0;2.0
19104;4.0;0.0;1.0;0.0;0.0
19105;6.0;0.0;2.0;18.0;1.0
19106;22.0;4.0;6.0;70.0;2.0
19107;3.0;2.0;5.0;19.0;2.0
19108;14.0;2.0;4.0;24.0;2.0
19109;24.0;9.0;20.0;50.0;3.0
19110;3.0;1.0;2.0;16.0;1.0
19111;12.0;1.0;0.0;11.0;0.0
2001;63.0;11.0;51.0;166.0;39.0
2002;85.0;7.0;53.0;146.0;80.0
2003;171.0;13.0;87.0;436.0;149.0
2004;23.0;3.0;6.0;56.0;4.0
2005;18.0;4.0;7.0;133.0;0.0
2006;142.0;25.0;32.0;394.0;16.0
2007;23.0;5.0;1.0;36.0;2.0
2008;78.0;9.0;7.0;147.0;3.0
2009;79.0;22.0;54.0;232.0;8.0
2010;46.0;4.0;11.0;54.0;2.0
2011;22.0;8.0;13.0;84.0;11.0
2012;142.0;24.0;41.0;365.0;13.0
2013;31.0;9.0;17.0;117.0;5.0
2014;73.0;28.0;21.0;259.0;3.0
2015;48.0;8.0;7.0;63.0;3.0
2016;87.0;24.0;34.0;319.0;7.0
2017;45.0;8.0;4.0;72.0;1.0
2018;108.0;30.0;19.0;212.0;5.0
2019;69.0;4.0;6.0;64.0;1.0
2020;24.0;4.0;6.0;28.0;0.0
20201;12.0;2.0;1.0;25.0;0.0
20202;31.0;10.0;20.0;109.0;8.0
20203;24.0;7.0;3.0;57.0;1.0
20205;6.0;4.0;1.0;35.0;1.0
20208;6.0;1.0;3.0;22.0;1.0
20209;38.0;3.0;0.0;30.0;1.0
2021;0.0;0.0;0.0;2.0;0.0
20210;4.0;3.0;0.0;5.0;0.0
2022;105.0;26.0;19.0;330.0;9.0
2023;46.0;13.0;12.0;101.0;2.0
2024;37.0;3.0;8.0;144.0;8.0
2025;71.0;11.0;9.0;160.0;13.0
2027;89.0;10.0;9.0;149.0;3.0
2028;4.0;1.0;19.0;43.0;0.0
2029;2.0;2.0;8.0;100.0;1.0
2030;0.0;0.0;2.0;3.0;0.0
2031;2.0;1.0;0.0;7.0;0.0
2032;13.0;1.0;1.0;14.0;0.0
2033;56.0;11.0;10.0;162.0;4.0
2034;16.0;4.0;2.0;34.0;8.0
2035;5.0;2.0;0.0;21.0;0.0
2036;16.0;2.0;2.0;67.0;2.0
2037;1.0;0.0;0.0;1.0;3.0
2038;13.0;5.0;2.0;47.0;2.0
2039;0.0;0.0;0.0;4.0;2.0
2040;102.0;20.0;24.0;254.0;2.0
2042;33.0;5.0;4.0;75.0;2.0
2043;2.0;0.0;2.0;15.0;0.0
2045;7.0;1.0;0.0;18.0;3.0
2046;6.0;1.0;1.0;37.0;3.0
2047;1.0;0.0;0.0;8.0;0.0
2048;9.0;1.0;0.0;16.0;2.0
2049;26.0;1.0;5.0;53.0;3.0
2050;48.0;11.0;5.0;126.0;5.0
2051;12.0;6.0;5.0;57.0;0.0
2052;8.0;1.0;1.0;4.0;2.0
2053;14.0;3.0;0.0;11.0;1.0
2054;4.0;0.0;1.0;3.0;3.0
2055;29.0;3.0;2.0;50.0;1.0
2056;2.0;0.0;0.0;5.0;0.0
2057;6.0;3.0;3.0;22.0;0.0
2058;0.0;0.0;0.0;6.0;0.0
2060;31.0;4.0;7.0;60.0;0.0
2061;1.0;3.0;0.0;9.0;0.0
2062;1.0;0.0;0.0;6.0;1.0
2063;5.0;0.0;0.0;11.0;3.0
2064;1.0;0.0;0.0;6.0;2.0
2065;1.0;0.0;2.0;10.0;1.0
2066;1.0;0.0;2.0;27.0;1.0
2067;7.0;1.0;1.0;17.0;0.0
2068;11.0;3.0;2.0;32.0;0.0
2069;3.0;0.0;5.0;22.0;0.0
2070;9.0;0.0;2.0;24.0;0.0
2071;182.0;40.0;41.0;265.0;13.0
2072;67.0;15.0;15.0;160.0;5.0
2073;50.0;14.0;10.0;98.0;5.0
21001;27.0;4.0;32.0;138.0;21.0
21002;36.0;14.0;11.0;74.0;1.0
21003;1.0;0.0;0.0;1.0;0.0
21004;32.0;7.0;11.0;84.0;11.0
21005;36.0;9.0;12.0;90.0;1.0
21006;9.0;0.0;7.0;17.0;2.0
21008;36.0;4.0;8.0;96.0;2.0
21009;39.0;8.0;13.0;150.0;0.0
21010;6.0;1.0;1.0;37.0;0.0
21011;26.0;7.0;2.0;59.0;1.0
21012;16.0;3.0;3.0;71.0;4.0
21013;0.0;0.0;0.0;10.0;0.0
21014;0.0;0.0;0.0;23.0;0.0
21015;5.0;0.0;0.0;7.0;0.0
21017;2.0;0.0;0.0;3.0;0.0
21018;9.0;2.0;0.0;34.0;5.0
21019;3.0;2.0;1.0;6.0;0.0
21020;17.0;1.0;4.0;64.0;2.0
21021;21.0;4.0;6.0;81.0;0.0
21022;5.0;4.0;1.0;23.0;1.0
21023;13.0;0.0;2.0;40.0;3.0
21024;3.0;1.0;1.0;12.0;0.0
21026;15.0;1.0;4.0;39.0;0.0
21027;2.0;1.0;2.0;27.0;1.0
21028;14.0;3.0;2.0;19.0;0.0
21029;4.0;1.0;2.0;6.0;0.0
21030;23.0;1.0;4.0;17.0;4.0
21031;8.0;1.0;2.0;21.0;1.0
21032;23.0;6.0;3.0;73.0;0.0
22101;42.0;8.0;11.0;94.0;10.0
22102;2.0;1.0;0.0;11.0;0.0
22103;1.0;2.0;5.0;33.0;1.0
23301;10.0;2.0;4.0;34.0;0.0
23302;18.0;1.0;4.0;43.0;2.0
23303;0.0;0.0;2.0;13.0;0.0
23304;6.0;4.0;4.0;19.0;2.0
23306;9.0;1.0;0.0;16.0;0.0
24101;49.0;14.0;21.0;122.0;15.0
24102;12.0;3.0;5.0;27.0;0.0
24103;6.0;1.0;0.0;29.0;0.0
24104;1.0;0.0;0.0;8.0;1.0
24105;5.0;2.0;2.0;25.0;1.0
24106;4.0;0.0;2.0;19.0;0.0
24107;2.0;0.0;0.0;7.0;0.0
24108;3.0;0.0;1.0;11.0;0.0
24109;9.0;2.0;0.0;21.0;0.0
24110;2.0;0.0;1.0;6.0;0.0
24112;1.0;0.0;0.0;1.0;0.0
25001;8.0;4.0;6.0;65.0;3.0
25002;0.0;0.0;1.0;2.0;0.0
25003;1.0;1.0;0.0;0.0;0.0
25101;9.0;1.0;2.0;10.0;0.0
25201;0.0;0.0;0.0;5.0;1.0
25202;0.0;0.0;0.0;4.0;0.0
25203;0.0;0.0;0.0;4.0;0.0
26001;15.0;3.0;15.0;54.0;3.0
26002;5.0;2.0;1.0;12.0;0.0
26003;0.0;0.0;0.0;1.0;0.0
26005;3.0;0.0;0.0;11.0;2.0
26006;6.0;0.0;7.0;33.0;0.0
27001;30.0;6.0;10.0;93.0;11.0
27002;0.0;0.0;0.0;3.0;0.0
29001;14.0;2.0;14.0;49.0;8.0
29002;3.0;0.0;4.0;5.0;0.0
29003;1.0;4.0;0.0;8.0;0.0
29005;0.0;0.0;0.0;1.0;0.0
29007;5.0;0.0;0.0;7.0;0.0
29008;1.0;1.0;0.0;0.0;0.0
29101;7.0;2.0;3.0;22.0;3.0
29102;0.0;0.0;0.0;2.0;0.0
29103;1.0;0.0;0.0;5.0;0.0
29104;1.0;0.0;0.0;4.0;0.0
29105;8.0;3.0;4.0;56.0;0.0
30001;9.0;4.0;3.0;41.0;0.0
30002;42.0;12.0;71.0;140.0;16.0
30003;23.0;3.0;14.0;95.0;1.0
30004;80.0;28.0;91.0;301.0;47.0
30005;14.0;2.0;13.0;47.0;0.0
30006;21.0;5.0;13.0;65.0;3.0
30007;0.0;0.0;1.0;0.0;0.0
30008;1.0;1.0;1.0;5.0;0.0
3001;27.0;12.0;19.0;127.0;23.0
3002;5.0;1.0;0.0;11.0;0.0
3003;6.0;1.0;0.0;4.0;0.0
3004;7.0;0.0;3.0;20.0;3.0
3005;24.0;2.0;3.0;76.0;8.0
3006;21.0;5.0;3.0;39.0;8.0
3007;0.0;0.0;0.0;5.0;0.0
3008;0.0;0.0;0.0;18.0;0.0
3009;4.0;2.0;3.0;42.0;0.0
30101;7.0;2.0;2.0;46.0;1.0
30102;2.0;0.0;0.0;2.0;0.0
3011;0.0;0.0;0.0;8.0;0.0
3012;2.0;0.0;0.0;12.0;0.0
3013;8.0;3.0;1.0;16.0;3.0
3015;5.0;0.0;0.0;7.0;0.0
3016;18.0;4.0;4.0;86.0;0.0
3018;14.0;2.0;8.0;2.0;3.0
31001;22.0;7.0;8.0;69.0;13.0
31002;14.0;7.0;8.0;56.0;5.0
31003;0.0;0.0;0.0;11.0;1.0
32001;4.0;1.0;2.0;27.0;1.0
3201;1.0;2.0;0.0;4.0;0.0
3202;6.0;0.0;0.0;7.0;0.0
3204;1.0;0.0;0.0;1.0;0.0
3207;22.0;2.0;4.0;57.0;1.0
3208;0.0;0.0;0.0;1.0;0.0
32101;3.0;0.0;0.0;12.0;1.0
33001;5.0;0.0;8.0;6.0;1.0
33002;4.0;2.0;0.0;2.0;0.0
33009;0.0;0.0;0.0;3.0;0.0
3301;1.0;0.0;1.0;25.0;0.0
3305;0.0;2.0;0.0;3.0;1.0
3307;12.0;4.0;10.0;55.0;2.0
3308;1.0;0.0;0.0;4.0;0.0
3401;1.0;0.0;0.0;12.0;0.0
3402;2.0;0.0;0.0;18.0;0.0
3403;1.0;0.0;0.0;4.0;0.0
3501;0.0;0.0;0.0;2.0;0.0
4001;22.0;7.0;16.0;55.0;15.0
4002;7.0;7.0;5.0;77.0;2.0
4003;15.0;7.0;5.0;27.0;2.0
4004;20.0;8.0;5.0;51.0;3.0
4005;50.0;8.0;19.0;138.0;9.0
4006;25.0;5.0;13.0;106.0;8.0
4007;19.0;20.0;19.0;71.0;7.0
4008;0.0;0.0;0.0;6.0;0.0
4009;1.0;0.0;0.0;1.0;0.0
4010;0.0;0.0;0.0;1.0;0.0
4011;1.0;4.0;0.0;7.0;0.0
4013;5.0;2.0;5.0;35.0;3.0
4101;1.0;1.0;0.0;11.0;1.0
4102;0.0;0.0;0.0;1.0;0.0
4203;0.0;0.0;0.0;3.0;0.0
4301;0.0;0.0;0.0;5.0;0.0
4401;0.0;4.0;1.0;12.0;0.0
4403;1.0;2.0;1.0;3.0;0.0
5001;43.0;14.0;29.0;127.0;10.0
5002;66.0;5.0;18.0;94.0;4.0
5003;68.0;11.0;11.0;81.0;7.0
5004;54.0;11.0;10.0;87.0;7.0
5005;38.0;11.0;10.0;80.0;4.0
5006;81.0;9.0;20.0;146.0;8.0
5007;21.0;1.0;5.0;66.0;0.0
5008;95.0;15.0;3.0;120.0;3.0
5009;65.0;9.0;16.0;119.0;3.0
5010;216.0;28.0;30.0;282.0;16.0
5011;157.0;30.0;26.0;253.0;24.0
5012;15.0;1.0;4.0;29.0;0.0
5013;20.0;4.0;2.0;91.0;0.0
5014;36.0;6.0;2.0;53.0;2.0
5015;9.0;5.0;6.0;33.0;0.0
5016;61.0;10.0;8.0;129.0;3.0
5017;69.0;14.0;10.0;179.0;14.0
5018;69.0;6.0;10.0;147.0;13.0
5019;15.0;3.0;3.0;49.0;0.0
5020;143.0;19.0;60.0;480.0;93.0
5021;46.0;3.0;11.0;68.0;4.0
5022;62.0;9.0;25.0;149.0;10.0
5023;166.0;30.0;41.0;398.0;34.0
5024;2.0;11.0;22.0;85.0;1.0
5025;33.0;14.0;33.0;204.0;13.0
5026;19.0;8.0;10.0;95.0;2.0
5027;47.0;5.0;15.0;112.0;3.0
5028;71.0;13.0;18.0;293.0;14.0
5029;63.0;13.0;9.0;126.0;6.0
5030;55.0;17.0;19.0;189.0;2.0
5031;68.0;13.0;17.0;165.0;10.0
5032;37.0;10.0;11.0;138.0;11.0
5033;41.0;8.0;9.0;111.0;0.0
5034;38.0;7.0;7.0;62.0;1.0
5035;91.0;24.0;15.0;233.0;9.0
5036;37.0;6.0;7.0;77.0;2.0
5037;126.0;30.0;35.0;293.0;17.0
5038;121.0;23.0;17.0;125.0;9.0
5039;12.0;4.0;8.0;74.0;2.0
5040;148.0;26.0;13.0;224.0;7.0
5041;11.0;1.0;0.0;39.0;4.0
5043;99.0;8.0;15.0;238.0;15.0
5044;1.0;1.0;0.0;0.0;0.0
5045;1.0;0.0;0.0;3.0;0.0
5046;25.0;6.0;11.0;51.0;0.0
5047;3.0;1.0;0.0;10.0;0.0
5048;0.0;0.0;0.0;10.0;2.0
5049;20.0;2.0;0.0;15.0;1.0
5050;21.0;3.0;2.0;27.0;3.0
5051;10.0;2.0;2.0;30.0;1.0
5052;50.0;14.0;13.0;124.0;5.0
5053;42.0;3.0;8.0;73.0;0.0
5054;59.0;4.0;14.0;110.0;4.0
5056;40.0;5.0;10.0;133.0;3.0
5057;4.0;1.0;1.0;10.0;1.0
5058;8.0;0.0;0.0;21.0;1.0
5059;10.0;2.0;2.0;22.0;0.0
5060;1.0;0.0;0.0;1.0;0.0
5061;1.0;1.0;0.0;7.0;0.0
5062;10.0;1.0;2.0;15.0;1.0
5063;26.0;2.0;2.0;18.0;2.0
5301;37.0;14.0;59.0;409.0;11.0
5302;17.0;5.0;6.0;85.0;1.0
5303;26.0;5.0;21.0;262.0;29.0
5304;67.0;18.0;33.0;239.0;12.0
5305;16.0;6.0;6.0;47.0;0.0
5306;132.0;29.0;22.0;472.0;11.0
5307;55.0;16.0;16.0;130.0;6.0
5308;122.0;16.0;61.0;471.0;39.0
5309;151.0;11.0;21.0;203.0;4.0
5310;62.0;9.0;15.0;143.0;3.0
5311;77.0;15.0;37.0;163.0;12.0
5312;14.0;1.0;3.0;58.0;5.0
5313;111.0;16.0;24.0;234.0;14.0
5314;85.0;19.0;26.0;136.0;7.0
5315;102.0;18.0;22.0;295.0;9.0
5316;78.0;8.0;20.0;309.0;14.0
5317;54.0;9.0;20.0;95.0;2.0
5318;105.0;10.0;41.0;282.0;14.0
5319;49.0;6.0;16.0;123.0;0.0
5320;17.0;2.0;8.0;43.0;1.0
5321;83.0;8.0;20.0;130.0;36.0
5322;22.0;4.0;2.0;37.0;6.0
5323;165.0;14.0;42.0;231.0;82.0
5324;24.0;5.0;12.0;59.0;4.0
5325;185.0;17.0;84.0;539.0;95.0
5326;68.0;14.0;35.0;186.0;22.0
5327;41.0;5.0;5.0;66.0;8.0
5328;5.0;0.0;3.0;44.0;0.0
5329;55.0;12.0;17.0;131.0;2.0
5330;77.0;15.0;54.0;304.0;6.0
5331;57.0;11.0;11.0;153.0;7.0
5332;15.0;3.0;5.0;81.0;6.0
58001;11.0;0.0;5.0;11.0;0.0
58002;9.0;4.0;14.0;59.0;2.0
58003;3.0;0.0;0.0;11.0;0.0
58004;0.0;1.0;1.0;12.0;0.0
58005;1.0;1.0;1.0;11.0;0.0
58006;0.0;0.0;0.0;1.0;0.0
58101;5.0;0.0;1.0;11.0;0.0
58102;0.0;0.0;0.0;6.0;0.0
6001;22.0;9.0;25.0;104.0;5.0
6002;12.0;1.0;6.0;23.0;5.0
6003;3.0;2.0;0.0;12.0;0.0
6004;22.0;4.0;14.0;34.0;9.0
6005;3.0;1.0;1.0;18.0;1.0
6006;1.0;0.0;1.0;9.0;0.0
6007;1.0;1.0;0.0;3.0;0.0
6008;0.0;0.0;1.0;3.0;0.0
6009;0.0;0.0;0.0;2.0;0.0
6010;1.0;0.0;1.0;5.0;0.0
6011;2.0;0.0;1.0;4.0;0.0
6012;2.0;0.0;0.0;5.0;0.0
6014;18.0;4.0;6.0;58.0;2.0
6015;29.0;5.0;3.0;66.0;5.0
6016;22.0;2.0;4.0;39.0;1.0
6017;2.0;1.0;0.0;7.0;1.0
6018;23.0;4.0;1.0;51.0;0.0
6019;4.0;0.0;0.0;5.0;0.0
6020;0.0;0.0;1.0;1.0;0.0
6022;0.0;0.0;2.0;7.0;0.0
6023;4.0;1.0;2.0;10.0;0.0
6101;0.0;1.0;5.0;19.0;1.0
6102;5.0;2.0;1.0;24.0;3.0
6103;8.0;0.0;3.0;28.0;1.0
6104;9.0;3.0;6.0;39.0;3.0
6105;1.0;0.0;0.0;10.0;1.0
6201;2.0;1.0;0.0;12.0;0.0
6202;0.0;0.0;0.0;7.0;0.0
6203;1.0;0.0;0.0;7.0;0.0
7001;28.0;3.0;6.0;53.0;4.0
7002;28.0;2.0;30.0;92.0;13.0
7003;45.0;12.0;9.0;149.0;4.0
7004;45.0;19.0;13.0;122.0;1.0
7005;8.0;1.0;1.0;11.0;0.0
7006;72.0;9.0;17.0;182.0;5.0
7007;4.0;0.0;2.0;16.0;0.0
7008;45.0;11.0;7.0;101.0;6.0
7009;24.0;6.0;1.0;51.0;0.0
7010;1.0;0.0;0.0;1.0;0.0
7011;10.0;1.0;0.0;11.0;0.0
7012;1.0;1.0;3.0;7.0;0.0
7013;7.0;3.0;4.0;35.0;1.0
7014;29.0;4.0;11.0;39.0;6.0
7111;15.0;2.0;3.0;66.0;2.0
7112;56.0;7.0;17.0;231.0;4.0
7113;78.0;11.0;12.0;168.0;2.0
7114;40.0;8.0;10.0;109.0;2.0
7115;10.0;3.0;2.0;43.0;0.0
7117;17.0;5.0;1.0;69.0;1.0
8001;71.0;11.0;38.0;245.0;154.0
8002;20.0;2.0;12.0;71.0;0.0
8003;7.0;2.0;2.0;23.0;1.0
8004;0.0;0.0;1.0;5.0;0.0
8005;6.0;1.0;0.0;22.0;1.0
8006;21.0;5.0;5.0;83.0;2.0
8007;1.0;0.0;0.0;1.0;0.0
8009;9.0;1.0;1.0;10.0;0.0
8010;11.0;2.0;7.0;44.0;0.0
8011;16.0;6.0;4.0;78.0;4.0
8012;1.0;0.0;1.0;11.0;0.0
8013;3.0;0.0;1.0;6.0;0.0
9101;24.0;7.0;23.0;142.0;17.0
9102;2.0;0.0;0.0;9.0;2.0
9103;16.0;4.0;7.0;74.0;4.0
9104;0.0;1.0;0.0;11.0;2.0
9105;5.0;1.0;1.0;17.0;2.0
9106;4.0;0.0;1.0;20.0;2.0
9108;0.0;0.0;0.0;3.0;0.0
9109;3.0;0.0;1.0;7.0;0.0
9111;2.0;0.0;1.0;5.0;0.0
9113;1.0;0.0;1.0;14.0;0.0
9114;7.0;0.0;1.0;15.0;0.0
9115;3.0;2.0;2.0;3.0;0.0
9201;5.0;1.0;1.0;12.0;0.0
9202;1.0;0.0;2.0;5.0;0.0
9204;0.0;0.0;1.0;5.0;0.0
