,AH2011,Educação,Lazer,Negócios,Refeição,Saúde
0,10001,54.0,13.0,29.0,186.0,34.0
1,10002,33.0,10.0,11.0,145.0,4.0
2,10003,18.0,11.0,5.0,45.0,4.0
3,10004,34.0,6.0,7.0,78.0,11.0
4,10005,47.0,15.0,22.0,172.0,15.0
5,10006,9.0,5.0,3.0,12.0,0.0
6,10007,5.0,0.0,3.0,16.0,0.0
7,10008,25.0,8.0,1.0,56.0,4.0
8,10009,42.0,8.0,10.0,162.0,3.0
9,1001,167.0,29.0,94.0,248.0,105.0
10,10010,20.0,3.0,7.0,9.0,4.0
11,10012,4.0,2.0,2.0,10.0,0.0
12,10013,2.0,1.0,0.0,7.0,1.0
13,10014,9.0,1.0,3.0,33.0,1.0
14,10016,2.0,0.0,0.0,1.0,0.0
15,10018,5.0,2.0,0.0,12.0,0.0
16,1002,155.0,37.0,78.0,344.0,105.0
17,10020,12.0,2.0,4.0,24.0,0.0
18,10021,2.0,1.0,2.0,7.0,0.0
19,10022,0.0,0.0,0.0,7.0,1.0
20,10023,7.0,1.0,1.0,8.0,2.0
21,10024,2.0,0.0,0.0,3.0,0.0
22,10025,10.0,3.0,0.0,13.0,3.0
23,10026,9.0,2.0,6.0,44.0,1.0
24,10027,10.0,4.0,3.0,67.0,0.0
25,10028,26.0,13.0,3.0,67.0,5.0
26,1003,103.0,19.0,45.0,190.0,71.0
27,1004,194.0,34.0,116.0,290.0,160.0
28,1005,157.0,29.0,95.0,167.0,137.0
29,1006,97.0,8.0,65.0,153.0,94.0
30,1007,76.0,13.0,40.0,167.0,129.0
31,1008,106.0,25.0,76.0,343.0,41.0
32,1009,182.0,42.0,113.0,333.0,121.0
33,1010,336.0,77.0,301.0,742.0,126.0
34,1011,404.0,114.0,377.0,1153.0,269.0
35,1012,69.0,13.0,46.0,141.0,50.0
36,1013,1.0,0.0,0.0,3.0,0.0
37,1014,112.0,40.0,162.0,215.0,97.0
38,1015,74.0,13.0,32.0,135.0,23.0
39,1016,87.0,16.0,40.0,119.0,42.0
40,1017,74.0,11.0,44.0,144.0,231.0
41,1018,205.0,44.0,87.0,443.0,427.0
42,1019,120.0,23.0,77.0,168.0,233.0
43,1020,93.0,26.0,132.0,284.0,346.0
44,10201,1.0,3.0,1.0,13.0,0.0
45,10202,5.0,1.0,1.0,53.0,0.0
46,10204,0.0,0.0,0.0,7.0,1.0
47,1021,248.0,36.0,154.0,412.0,199.0
48,1022,206.0,35.0,72.0,217.0,193.0
49,1023,134.0,23.0,52.0,204.0,95.0
50,1024,122.0,26.0,98.0,306.0,83.0
51,1025,96.0,16.0,27.0,91.0,134.0
52,1026,99.0,26.0,90.0,267.0,95.0
53,1027,130.0,29.0,110.0,200.0,204.0
54,1028,45.0,9.0,31.0,110.0,81.0
55,1029,106.0,25.0,78.0,297.0,117.0
56,1030,175.0,51.0,37.0,76.0,139.0
57,1031,73.0,30.0,19.0,38.0,26.0
58,1032,72.0,39.0,4.0,186.0,2.0
59,1033,6.0,1.0,0.0,4.0,7.0
60,1034,180.0,53.0,66.0,143.0,104.0
61,1035,344.0,55.0,83.0,439.0,100.0
62,1036,155.0,40.0,35.0,217.0,42.0
63,1037,147.0,33.0,40.0,179.0,66.0
64,1038,173.0,32.0,41.0,126.0,55.0
65,1039,92.0,16.0,12.0,31.0,19.0
66,1040,157.0,29.0,24.0,30.0,46.0
67,1041,53.0,0.0,9.0,5.0,7.0
68,1042,113.0,27.0,23.0,132.0,30.0
69,1043,228.0,36.0,63.0,113.0,110.0
70,1044,83.0,26.0,55.0,156.0,43.0
71,1045,30.0,7.0,10.0,15.0,9.0
72,1046,84.0,23.0,19.0,108.0,23.0
73,1047,91.0,17.0,43.0,79.0,23.0
74,1048,52.0,8.0,16.0,26.0,9.0
75,1049,134.0,14.0,25.0,46.0,65.0
76,1050,78.0,18.0,13.0,57.0,35.0
77,1051,123.0,34.0,14.0,176.0,34.0
78,1052,386.0,69.0,80.0,208.0,108.0
79,1054,214.0,55.0,56.0,217.0,63.0
80,1055,24.0,10.0,7.0,28.0,7.0
81,1056,140.0,27.0,59.0,133.0,78.0
82,1057,263.0,98.0,74.0,245.0,87.0
83,1058,111.0,25.0,36.0,154.0,94.0
84,1059,1.0,0.0,0.0,1.0,0.0
85,1060,37.0,8.0,11.0,20.0,16.0
86,1061,21.0,8.0,2.0,59.0,0.0
87,1062,257.0,42.0,142.0,407.0,240.0
88,1063,102.0,22.0,40.0,110.0,36.0
89,1064,64.0,11.0,56.0,155.0,41.0
90,1065,48.0,13.0,28.0,147.0,32.0
91,1066,143.0,33.0,100.0,277.0,98.0
92,1067,40.0,8.0,47.0,93.0,64.0
93,1068,46.0,10.0,51.0,124.0,58.0
94,1069,137.0,39.0,148.0,524.0,61.0
95,1070,107.0,38.0,119.0,532.0,67.0
96,1071,34.0,5.0,12.0,51.0,23.0
97,1072,74.0,11.0,8.0,21.0,15.0
98,1073,37.0,8.0,22.0,33.0,14.0
99,1074,61.0,18.0,9.0,15.0,20.0
100,1075,72.0,25.0,25.0,163.0,13.0
101,1077,6.0,1.0,3.0,1.0,4.0
102,1078,37.0,5.0,16.0,43.0,61.0
103,1079,12.0,2.0,3.0,27.0,4.0
104,1080,18.0,6.0,8.0,42.0,5.0
105,1081,147.0,36.0,34.0,179.0,33.0
106,11001,31.0,1.0,17.0,130.0,23.0
107,11002,29.0,1.0,20.0,95.0,13.0
108,11003,4.0,2.0,1.0,10.0,3.0
109,11005,5.0,2.0,4.0,29.0,1.0
110,11006,8.0,0.0,4.0,30.0,0.0
111,11007,11.0,2.0,5.0,86.0,1.0
112,11008,1.0,0.0,2.0,8.0,1.0
113,11009,2.0,0.0,0.0,9.0,0.0
114,1101,106.0,17.0,9.0,101.0,5.0
115,11010,4.0,3.0,1.0,9.0,0.0
116,11011,0.0,0.0,0.0,4.0,0.0
117,11014,0.0,0.0,0.0,17.0,0.0
118,11015,0.0,0.0,2.0,18.0,0.0
119,11016,1.0,0.0,1.0,9.0,0.0
120,1102,4.0,0.0,2.0,22.0,0.0
121,1103,28.0,10.0,11.0,41.0,49.0
122,1104,109.0,15.0,15.0,81.0,9.0
123,1105,3.0,0.0,1.0,6.0,0.0
124,1106,210.0,26.0,60.0,227.0,56.0
125,1107,226.0,31.0,71.0,360.0,31.0
126,1108,123.0,29.0,34.0,164.0,17.0
127,1109,156.0,38.0,40.0,239.0,21.0
128,1110,98.0,38.0,17.0,370.0,6.0
129,1111,28.0,5.0,7.0,125.0,0.0
130,1112,5.0,0.0,2.0,20.0,0.0
131,1113,49.0,8.0,11.0,77.0,3.0
132,1114,80.0,24.0,14.0,280.0,6.0
133,1115,8.0,3.0,17.0,38.0,0.0
134,1116,49.0,11.0,38.0,144.0,2.0
135,1117,46.0,8.0,15.0,45.0,0.0
136,1118,7.0,2.0,3.0,63.0,1.0
137,1119,163.0,29.0,59.0,387.0,26.0
138,1120,1.0,3.0,6.0,26.0,0.0
139,11201,2.0,0.0,1.0,22.0,0.0
140,11202,0.0,0.0,0.0,10.0,0.0
141,1121,38.0,14.0,11.0,79.0,14.0
142,1122,75.0,16.0,36.0,218.0,108.0
143,1123,7.0,3.0,1.0,17.0,0.0
144,1124,122.0,27.0,44.0,152.0,46.0
145,1125,101.0,19.0,14.0,41.0,26.0
146,1126,111.0,28.0,75.0,322.0,38.0
147,1127,46.0,8.0,25.0,86.0,17.0
148,1128,175.0,22.0,34.0,99.0,50.0
149,1129,183.0,22.0,33.0,125.0,44.0
150,1130,132.0,18.0,20.0,98.0,32.0
151,11301,10.0,3.0,7.0,27.0,1.0
152,11302,0.0,0.0,3.0,28.0,0.0
153,1131,50.0,19.0,11.0,146.0,3.0
154,1132,143.0,23.0,8.0,78.0,7.0
155,1133,49.0,14.0,11.0,68.0,5.0
156,1134,124.0,17.0,12.0,135.0,10.0
157,1135,97.0,24.0,20.0,183.0,6.0
158,1136,93.0,20.0,13.0,123.0,5.0
159,1137,5.0,1.0,0.0,10.0,0.0
160,1138,36.0,10.0,10.0,72.0,2.0
161,1139,84.0,28.0,26.0,280.0,26.0
162,1140,181.0,34.0,31.0,205.0,26.0
163,1142,425.0,47.0,51.0,263.0,117.0
164,1143,54.0,5.0,32.0,78.0,109.0
165,1144,181.0,21.0,30.0,213.0,43.0
166,1145,4.0,0.0,0.0,8.0,0.0
167,1146,0.0,0.0,0.0,5.0,0.0
168,1147,14.0,2.0,2.0,7.0,3.0
169,1148,4.0,4.0,1.0,3.0,0.0
170,1149,21.0,5.0,7.0,56.0,13.0
171,1150,0.0,1.0,4.0,22.0,0.0
172,1151,527.0,40.0,37.0,178.0,120.0
173,1152,89.0,3.0,2.0,17.0,37.0
174,1153,21.0,7.0,3.0,46.0,3.0
175,1155,5.0,1.0,1.0,41.0,1.0
176,1156,11.0,1.0,7.0,45.0,3.0
177,1157,2.0,0.0,3.0,14.0,0.0
178,1158,46.0,13.0,16.0,35.0,30.0
179,1159,112.0,9.0,28.0,50.0,42.0
180,1160,1.0,0.0,0.0,6.0,0.0
181,1161,4.0,0.0,4.0,15.0,0.0
182,12001,8.0,1.0,1.0,22.0,1.0
183,12002,12.0,2.0,8.0,29.0,11.0
184,12003,44.0,15.0,29.0,212.0,32.0
185,12004,32.0,9.0,27.0,78.0,15.0
186,12005,55.0,22.0,16.0,129.0,9.0
187,12007,33.0,10.0,12.0,91.0,6.0
188,12008,43.0,6.0,12.0,175.0,2.0
189,12009,25.0,3.0,6.0,47.0,1.0
190,1201,37.0,6.0,8.0,31.0,3.0
191,12010,1.0,1.0,0.0,2.0,0.0
192,12011,1.0,1.0,3.0,32.0,1.0
193,12012,7.0,1.0,2.0,5.0,0.0
194,12013,16.0,7.0,11.0,34.0,2.0
195,12014,43.0,9.0,5.0,68.0,7.0
196,12015,27.0,1.0,1.0,12.0,16.0
197,12016,48.0,12.0,23.0,78.0,17.0
198,12017,3.0,4.0,0.0,79.0,0.0
199,12019,44.0,14.0,13.0,155.0,4.0
200,1202,89.0,21.0,21.0,125.0,6.0
201,12020,4.0,2.0,1.0,20.0,0.0
202,12022,3.0,4.0,1.0,18.0,0.0
203,12023,0.0,0.0,0.0,7.0,1.0
204,12025,12.0,2.0,5.0,19.0,0.0
205,12026,24.0,4.0,4.0,28.0,3.0
206,12027,3.0,3.0,0.0,2.0,1.0
207,12028,14.0,10.0,1.0,21.0,1.0
208,12029,6.0,5.0,10.0,32.0,2.0
209,1203,28.0,10.0,11.0,170.0,12.0
210,12032,0.0,0.0,0.0,1.0,0.0
211,12034,173.0,13.0,106.0,188.0,140.0
212,12035,3.0,0.0,0.0,16.0,0.0
213,12036,6.0,1.0,0.0,50.0,0.0
214,12038,1.0,0.0,0.0,7.0,0.0
215,12039,5.0,1.0,5.0,11.0,2.0
216,1204,188.0,22.0,71.0,403.0,100.0
217,12040,3.0,1.0,2.0,0.0,0.0
218,12041,7.0,0.0,0.0,7.0,0.0
219,12042,3.0,0.0,0.0,18.0,0.0
220,12043,40.0,2.0,18.0,40.0,1.0
221,12044,21.0,3.0,6.0,80.0,2.0
222,1205,62.0,11.0,44.0,250.0,89.0
223,1206,19.0,11.0,6.0,60.0,0.0
224,1207,29.0,9.0,13.0,111.0,3.0
225,1208,20.0,3.0,13.0,50.0,2.0
226,1209,12.0,5.0,16.0,90.0,2.0
227,1210,6.0,1.0,1.0,68.0,0.0
228,1211,110.0,32.0,28.0,251.0,6.0
229,1212,25.0,7.0,3.0,38.0,0.0
230,1213,52.0,9.0,8.0,64.0,0.0
231,1214,65.0,15.0,22.0,145.0,10.0
232,1215,37.0,7.0,9.0,107.0,6.0
233,1216,17.0,1.0,0.0,36.0,0.0
234,1217,29.0,5.0,6.0,65.0,0.0
235,1218,101.0,15.0,16.0,229.0,4.0
236,1219,54.0,8.0,10.0,86.0,6.0
237,1220,30.0,7.0,8.0,34.0,0.0
238,1221,81.0,16.0,25.0,185.0,14.0
239,1222,13.0,1.0,4.0,28.0,1.0
240,1223,107.0,23.0,24.0,229.0,7.0
241,1224,48.0,15.0,6.0,130.0,2.0
242,1225,65.0,14.0,12.0,132.0,9.0
243,1226,4.0,1.0,1.0,34.0,0.0
244,1227,10.0,2.0,5.0,62.0,0.0
245,1228,40.0,5.0,4.0,53.0,2.0
246,1229,12.0,1.0,0.0,62.0,0.0
247,1230,17.0,1.0,2.0,47.0,1.0
248,1231,37.0,8.0,3.0,109.0,1.0
249,1232,96.0,14.0,21.0,91.0,3.0
250,1233,5.0,0.0,1.0,26.0,0.0
251,1234,12.0,2.0,2.0,31.0,1.0
252,1235,40.0,14.0,8.0,97.0,4.0
253,1236,7.0,1.0,1.0,37.0,0.0
254,1238,2.0,2.0,2.0,9.0,1.0
255,1239,14.0,0.0,1.0,24.0,0.0
256,1240,1.0,0.0,0.0,0.0,0.0
257,1241,19.0,4.0,3.0,35.0,1.0
258,1242,26.0,7.0,6.0,63.0,1.0
259,1243,7.0,5.0,2.0,11.0,0.0
260,1244,42.0,10.0,12.0,62.0,3.0
261,1246,24.0,1.0,2.0,78.0,0.0
262,1247,15.0,2.0,4.0,68.0,1.0
263,1248,21.0,5.0,0.0,58.0,0.0
264,1249,6.0,1.0,3.0,36.0,0.0
265,1250,58.0,12.0,5.0,72.0,2.0
266,1251,2.0,0.0,1.0,0.0,0.0
267,1252,29.0,2.0,4.0,20.0,0.0
268,1253,15.0,0.0,1.0,18.0,2.0
269,1254,65.0,10.0,13.0,104.0,9.0
270,1256,1.0,0.0,0.0,3.0,0.0
271,1257,4.0,1.0,0.0,1.0,0.0
272,1258,8.0,3.0,1.0,15.0,0.0
273,1259,6.0,0.0,4.0,13.0,0.0
274,1260,0.0,0.0,0.0,1.0,0.0
275,1261,25.0,2.0,3.0,78.0,2.0
276,1262,10.0,1.0,4.0,35.0,0.0
277,1263,17.0,2.0,4.0,22.0,2.0
278,1264,30.0,1.0,6.0,46.0,2.0
279,1265,1.0,2.0,0.0,1.0,2.0
280,1266,20.0,1.0,0.0,13.0,4.0
281,1267,1.0,0.0,1.0,13.0,5.0
282,1268,3.0,0.0,1.0,0.0,0.0
283,13001,38.0,5.0,36.0,177.0,28.0
284,13002,17.0,1.0,5.0,18.0,1.0
285,13003,12.0,3.0,5.0,52.0,2.0
286,13004,3.0,0.0,1.0,6.0,0.0
287,13007,25.0,2.0,17.0,33.0,4.0
288,13008,4.0,1.0,3.0,2.0,0.0
289,13009,21.0,5.0,4.0,62.0,3.0
290,1301,113.0,22.0,36.0,179.0,12.0
291,13010,6.0,1.0,4.0,20.0,1.0
292,13011,19.0,2.0,7.0,15.0,1.0
293,13012,66.0,11.0,27.0,132.0,9.0
294,13015,6.0,0.0,2.0,25.0,0.0
295,13017,2.0,0.0,1.0,17.0,0.0
296,13018,0.0,0.0,1.0,3.0,0.0
297,13019,2.0,2.0,1.0,13.0,0.0
298,1302,19.0,4.0,2.0,17.0,1.0
299,13020,2.0,0.0,0.0,9.0,0.0
300,13021,2.0,0.0,0.0,4.0,0.0
301,13022,5.0,3.0,1.0,6.0,1.0
302,13023,53.0,9.0,22.0,83.0,30.0
303,13024,35.0,3.0,11.0,53.0,1.0
304,13025,5.0,0.0,0.0,11.0,0.0
305,1303,79.0,20.0,28.0,222.0,17.0
306,1304,15.0,4.0,2.0,72.0,1.0
307,1305,54.0,17.0,10.0,78.0,6.0
308,1306,138.0,51.0,57.0,357.0,22.0
309,1307,38.0,13.0,13.0,154.0,2.0
310,1308,69.0,12.0,19.0,162.0,10.0
311,1309,66.0,16.0,11.0,106.0,0.0
312,1310,60.0,21.0,24.0,242.0,8.0
313,13101,1.0,0.0,0.0,3.0,1.0
314,13102,15.0,2.0,6.0,16.0,1.0
315,13103,3.0,2.0,2.0,15.0,0.0
316,13104,0.0,0.0,0.0,5.0,0.0
317,1311,24.0,10.0,9.0,48.0,0.0
318,1312,34.0,11.0,12.0,97.0,5.0
319,1313,54.0,7.0,14.0,148.0,9.0
320,1314,165.0,28.0,67.0,270.0,22.0
321,1315,14.0,4.0,7.0,52.0,0.0
322,1316,31.0,1.0,11.0,11.0,3.0
323,1317,94.0,18.0,16.0,95.0,4.0
324,1318,119.0,19.0,27.0,203.0,12.0
325,1319,35.0,6.0,18.0,63.0,13.0
326,1320,82.0,22.0,31.0,258.0,31.0
327,13201,5.0,0.0,1.0,10.0,0.0
328,13202,1.0,0.0,0.0,7.0,0.0
329,13203,0.0,0.0,1.0,4.0,0.0
330,13204,0.0,0.0,0.0,2.0,0.0
331,13205,2.0,0.0,2.0,6.0,0.0
332,1321,97.0,36.0,35.0,189.0,20.0
333,1322,82.0,15.0,19.0,96.0,10.0
334,1323,41.0,5.0,46.0,220.0,8.0
335,1324,119.0,29.0,28.0,237.0,23.0
336,1325,3.0,0.0,0.0,0.0,0.0
337,1326,44.0,14.0,21.0,28.0,11.0
338,1327,46.0,4.0,22.0,149.0,53.0
339,1328,74.0,20.0,40.0,144.0,9.0
340,1329,39.0,7.0,31.0,154.0,8.0
341,1330,46.0,15.0,18.0,114.0,15.0
342,13301,8.0,0.0,1.0,21.0,0.0
343,1331,51.0,11.0,17.0,171.0,12.0
344,1332,21.0,11.0,17.0,134.0,7.0
345,1333,26.0,9.0,5.0,54.0,1.0
346,1334,11.0,4.0,7.0,30.0,2.0
347,1335,27.0,3.0,17.0,120.0,2.0
348,1336,41.0,9.0,10.0,95.0,5.0
349,1337,35.0,5.0,7.0,36.0,0.0
350,1338,41.0,10.0,15.0,61.0,0.0
351,1339,7.0,0.0,1.0,11.0,0.0
352,1340,8.0,2.0,2.0,32.0,0.0
353,1341,182.0,36.0,40.0,273.0,31.0
354,1342,87.0,10.0,12.0,98.0,7.0
355,1343,10.0,0.0,0.0,25.0,0.0
356,1344,27.0,4.0,8.0,68.0,2.0
357,1345,95.0,25.0,25.0,228.0,3.0
358,1346,42.0,21.0,20.0,200.0,2.0
359,1347,19.0,2.0,6.0,45.0,1.0
360,1348,30.0,9.0,12.0,90.0,2.0
361,1349,45.0,12.0,9.0,67.0,7.0
362,1350,46.0,8.0,8.0,56.0,5.0
363,1351,22.0,4.0,7.0,30.0,1.0
364,1352,159.0,21.0,26.0,204.0,13.0
365,1353,32.0,7.0,7.0,68.0,1.0
366,1354,12.0,1.0,5.0,25.0,2.0
367,1355,220.0,11.0,29.0,202.0,32.0
368,1356,6.0,0.0,3.0,7.0,0.0
369,1357,108.0,29.0,19.0,110.0,18.0
370,1358,82.0,19.0,18.0,91.0,12.0
371,1359,67.0,9.0,10.0,51.0,12.0
372,1360,54.0,9.0,15.0,74.0,7.0
373,1361,37.0,4.0,13.0,38.0,5.0
374,1362,101.0,20.0,33.0,235.0,21.0
375,1363,44.0,12.0,12.0,51.0,3.0
376,1364,41.0,12.0,6.0,77.0,2.0
377,1365,67.0,13.0,19.0,75.0,4.0
378,1366,14.0,2.0,4.0,14.0,2.0
379,1367,20.0,8.0,6.0,66.0,1.0
380,1368,56.0,18.0,21.0,98.0,3.0
381,1369,14.0,7.0,8.0,91.0,2.0
382,1370,12.0,7.0,4.0,22.0,0.0
383,1371,100.0,13.0,19.0,59.0,7.0
384,1372,0.0,1.0,0.0,10.0,0.0
385,1373,150.0,14.0,32.0,132.0,10.0
386,1374,30.0,0.0,3.0,18.0,3.0
387,1375,16.0,2.0,3.0,27.0,0.0
388,1376,2.0,0.0,3.0,4.0,0.0
389,1378,8.0,1.0,3.0,28.0,1.0
390,1380,19.0,7.0,4.0,31.0,1.0
391,1381,0.0,0.0,0.0,2.0,0.0
392,1382,29.0,7.0,21.0,73.0,4.0
393,1383,17.0,2.0,4.0,48.0,0.0
394,1384,30.0,3.0,6.0,33.0,1.0
395,1385,13.0,3.0,4.0,36.0,5.0
396,1386,12.0,4.0,2.0,11.0,0.0
397,1388,39.0,12.0,12.0,110.0,4.0
398,1389,17.0,3.0,1.0,16.0,2.0
399,1390,17.0,12.0,15.0,201.0,2.0
400,1391,16.0,4.0,6.0,50.0,0.0
401,1392,9.0,2.0,3.0,19.0,3.0
402,1393,32.0,11.0,11.0,81.0,2.0
403,1394,0.0,0.0,0.0,1.0,0.0
404,14001,17.0,5.0,8.0,96.0,4.0
405,14002,4.0,2.0,1.0,22.0,1.0
406,14003,14.0,2.0,2.0,40.0,2.0
407,14004,4.0,0.0,3.0,11.0,0.0
408,14005,2.0,0.0,0.0,1.0,0.0
409,14006,2.0,1.0,0.0,7.0,0.0
410,1401,1.0,0.0,0.0,15.0,0.0
411,1402,44.0,15.0,19.0,102.0,5.0
412,1403,175.0,21.0,31.0,138.0,29.0
413,1404,92.0,23.0,19.0,111.0,15.0
414,1405,137.0,52.0,16.0,136.0,7.0
415,1406,96.0,18.0,24.0,69.0,27.0
416,1407,281.0,58.0,46.0,220.0,51.0
417,1408,103.0,22.0,19.0,127.0,20.0
418,1409,76.0,23.0,15.0,163.0,7.0
419,1410,10.0,6.0,12.0,80.0,1.0
420,1411,49.0,7.0,23.0,147.0,27.0
421,1412,197.0,21.0,33.0,175.0,42.0
422,1413,50.0,14.0,5.0,59.0,7.0
423,1414,60.0,10.0,5.0,31.0,6.0
424,1415,363.0,44.0,44.0,218.0,68.0
425,1416,69.0,19.0,12.0,67.0,5.0
426,1417,41.0,11.0,6.0,61.0,0.0
427,1418,54.0,16.0,9.0,218.0,9.0
428,1419,52.0,10.0,5.0,41.0,2.0
429,1420,318.0,67.0,26.0,338.0,43.0
430,1421,99.0,21.0,22.0,81.0,25.0
431,1422,74.0,18.0,23.0,85.0,15.0
432,1423,29.0,4.0,4.0,12.0,7.0
433,1424,36.0,7.0,16.0,84.0,7.0
434,1425,15.0,15.0,3.0,154.0,2.0
435,1426,165.0,30.0,31.0,291.0,33.0
436,1427,81.0,16.0,21.0,122.0,18.0
437,1428,81.0,19.0,7.0,33.0,8.0
438,1429,2.0,0.0,0.0,8.0,0.0
439,1430,35.0,7.0,3.0,12.0,1.0
440,1431,38.0,11.0,4.0,30.0,2.0
441,1433,94.0,15.0,22.0,68.0,8.0
442,1434,15.0,1.0,3.0,10.0,3.0
443,1435,129.0,17.0,27.0,187.0,12.0
444,1436,103.0,15.0,25.0,125.0,13.0
445,1437,39.0,6.0,1.0,6.0,7.0
446,1438,132.0,21.0,41.0,212.0,40.0
447,1439,86.0,13.0,5.0,33.0,7.0
448,1442,3.0,1.0,4.0,17.0,1.0
449,1443,130.0,37.0,39.0,258.0,13.0
450,1444,0.0,0.0,0.0,0.0,1.0
451,1445,0.0,0.0,0.0,7.0,0.0
452,1446,50.0,10.0,6.0,7.0,9.0
453,1447,10.0,3.0,5.0,34.0,10.0
454,1448,36.0,7.0,2.0,10.0,5.0
455,1449,323.0,32.0,30.0,184.0,55.0
456,1450,13.0,2.0,2.0,53.0,1.0
457,1451,10.0,3.0,1.0,25.0,0.0
458,1452,8.0,0.0,3.0,5.0,1.0
459,1453,0.0,0.0,0.0,2.0,0.0
460,1454,35.0,4.0,5.0,34.0,7.0
461,1455,1.0,1.0,1.0,7.0,0.0
462,15001,68.0,9.0,32.0,211.0,16.0
463,15002,32.0,6.0,13.0,84.0,32.0
464,15003,11.0,0.0,2.0,19.0,6.0
465,15004,20.0,2.0,12.0,90.0,2.0
466,15005,31.0,10.0,6.0,92.0,2.0
467,15006,62.0,13.0,10.0,153.0,2.0
468,15007,3.0,0.0,2.0,8.0,1.0
469,15008,14.0,3.0,1.0,37.0,2.0
470,15009,56.0,5.0,14.0,197.0,16.0
471,1501,30.0,17.0,8.0,121.0,8.0
472,15010,14.0,4.0,1.0,45.0,0.0
473,15011,5.0,1.0,0.0,4.0,0.0
474,15012,10.0,2.0,2.0,22.0,1.0
475,15013,49.0,8.0,2.0,131.0,5.0
476,15014,3.0,8.0,0.0,15.0,0.0
477,15016,1.0,0.0,0.0,0.0,0.0
478,15017,1.0,5.0,2.0,10.0,0.0
479,15018,9.0,5.0,1.0,46.0,0.0
480,15019,1.0,0.0,0.0,13.0,0.0
481,1502,49.0,11.0,10.0,170.0,4.0
482,15020,9.0,0.0,5.0,106.0,4.0
483,15021,19.0,2.0,2.0,45.0,0.0
484,15022,13.0,5.0,0.0,59.0,0.0
485,15023,14.0,1.0,2.0,46.0,3.0
486,15024,9.0,2.0,0.0,25.0,0.0
487,15025,15.0,4.0,7.0,83.0,2.0
488,15026,1.0,4.0,1.0,40.0,0.0
489,15028,14.0,4.0,2.0,49.0,1.0
490,15029,8.0,1.0,4.0,41.0,0.0
491,1503,38.0,16.0,4.0,34.0,4.0
492,15030,8.0,1.0,3.0,17.0,0.0
493,15031,2.0,0.0,3.0,14.0,0.0
494,15032,6.0,3.0,0.0,21.0,0.0
495,15033,0.0,0.0,1.0,11.0,0.0
496,15034,13.0,4.0,6.0,49.0,0.0
497,1504,85.0,34.0,23.0,211.0,8.0
498,1505,20.0,9.0,3.0,115.0,2.0
499,1506,81.0,22.0,22.0,154.0,10.0
500,1507,101.0,39.0,25.0,99.0,16.0
501,1508,6.0,1.0,0.0,21.0,0.0
502,1509,132.0,39.0,24.0,195.0,16.0
503,1510,116.0,35.0,39.0,112.0,13.0
504,1511,130.0,33.0,31.0,176.0,31.0
505,1512,102.0,26.0,25.0,157.0,27.0
506,1513,18.0,6.0,5.0,60.0,3.0
507,1514,50.0,12.0,15.0,44.0,6.0
508,1515,25.0,8.0,10.0,48.0,1.0
509,1516,18.0,5.0,3.0,62.0,1.0
510,1517,80.0,16.0,12.0,214.0,0.0
511,1518,80.0,28.0,13.0,270.0,1.0
512,1519,59.0,19.0,18.0,123.0,1.0
513,1520,77.0,32.0,20.0,274.0,4.0
514,15201,15.0,1.0,5.0,50.0,7.0
515,15202,14.0,0.0,5.0,28.0,1.0
516,15203,8.0,3.0,5.0,69.0,2.0
517,15204,25.0,4.0,11.0,90.0,6.0
518,15205,40.0,13.0,11.0,138.0,10.0
519,15206,38.0,9.0,10.0,151.0,5.0
520,15207,19.0,8.0,11.0,109.0,1.0
521,15208,44.0,7.0,5.0,159.0,3.0
522,15209,35.0,14.0,8.0,74.0,0.0
523,1521,76.0,22.0,18.0,244.0,1.0
524,15210,2.0,0.0,2.0,37.0,1.0
525,15211,10.0,0.0,3.0,40.0,1.0
526,15212,35.0,17.0,16.0,176.0,6.0
527,15213,10.0,0.0,1.0,7.0,0.0
528,15214,49.0,22.0,17.0,181.0,1.0
529,15215,28.0,11.0,9.0,101.0,1.0
530,15217,2.0,0.0,1.0,14.0,0.0
531,15218,9.0,2.0,0.0,17.0,0.0
532,15219,16.0,2.0,4.0,36.0,1.0
533,1522,116.0,28.0,30.0,359.0,14.0
534,15223,9.0,2.0,2.0,29.0,0.0
535,15224,12.0,3.0,1.0,31.0,0.0
536,15225,2.0,1.0,0.0,7.0,0.0
537,15226,10.0,4.0,4.0,54.0,0.0
538,15227,53.0,7.0,7.0,179.0,1.0
539,15229,11.0,4.0,2.0,83.0,1.0
540,1523,98.0,15.0,27.0,205.0,5.0
541,1524,211.0,31.0,40.0,328.0,25.0
542,1525,27.0,6.0,3.0,54.0,1.0
543,1526,297.0,53.0,117.0,316.0,83.0
544,1527,37.0,0.0,2.0,11.0,2.0
545,1528,141.0,29.0,33.0,154.0,24.0
546,1529,204.0,39.0,43.0,138.0,55.0
547,1530,14.0,9.0,6.0,11.0,3.0
548,1531,203.0,50.0,63.0,457.0,42.0
549,1532,55.0,15.0,13.0,54.0,19.0
550,1533,45.0,23.0,10.0,27.0,8.0
551,1534,15.0,8.0,3.0,27.0,36.0
552,1535,110.0,43.0,17.0,134.0,24.0
553,1536,35.0,4.0,5.0,28.0,14.0
554,1538,37.0,13.0,7.0,15.0,8.0
555,1539,45.0,21.0,12.0,37.0,15.0
556,1540,8.0,1.0,1.0,4.0,2.0
557,1541,2.0,2.0,0.0,11.0,0.0
558,1542,14.0,3.0,1.0,17.0,1.0
559,1543,1.0,1.0,2.0,0.0,0.0
560,1544,7.0,2.0,0.0,26.0,0.0
561,1545,27.0,7.0,6.0,59.0,1.0
562,1546,164.0,65.0,39.0,303.0,22.0
563,1547,66.0,22.0,16.0,78.0,15.0
564,1548,76.0,29.0,24.0,113.0,11.0
565,1549,10.0,4.0,1.0,33.0,0.0
566,1550,7.0,8.0,0.0,6.0,1.0
567,16001,5.0,3.0,8.0,4.0,0.0
568,16002,10.0,3.0,4.0,21.0,1.0
569,16003,4.0,1.0,35.0,13.0,0.0
570,16005,0.0,1.0,1.0,3.0,0.0
571,16007,41.0,11.0,199.0,21.0,1.0
572,16008,22.0,16.0,568.0,40.0,8.0
573,16009,6.0,0.0,7.0,2.0,1.0
574,1601,78.0,19.0,14.0,92.0,10.0
575,1602,119.0,25.0,23.0,194.0,34.0
576,1603,172.0,37.0,52.0,372.0,22.0
577,1604,143.0,16.0,25.0,108.0,29.0
578,1605,8.0,2.0,2.0,15.0,0.0
579,1606,57.0,14.0,23.0,213.0,14.0
580,1607,44.0,4.0,5.0,55.0,3.0
581,1608,69.0,18.0,13.0,64.0,11.0
582,1609,151.0,29.0,72.0,246.0,85.0
583,1610,204.0,36.0,26.0,91.0,31.0
584,1611,60.0,9.0,12.0,89.0,14.0
585,1612,56.0,18.0,30.0,132.0,9.0
586,1613,103.0,16.0,18.0,248.0,7.0
587,1614,81.0,11.0,8.0,60.0,10.0
588,1615,14.0,1.0,10.0,82.0,3.0
589,1616,8.0,5.0,3.0,47.0,0.0
590,1617,30.0,11.0,10.0,38.0,2.0
591,1618,56.0,13.0,23.0,173.0,17.0
592,1619,78.0,21.0,24.0,191.0,6.0
593,1620,28.0,9.0,15.0,83.0,11.0
594,1621,57.0,20.0,16.0,70.0,9.0
595,1622,25.0,15.0,12.0,30.0,3.0
596,1623,54.0,12.0,15.0,136.0,13.0
597,1624,70.0,16.0,12.0,83.0,7.0
598,1625,23.0,5.0,4.0,24.0,3.0
599,1626,126.0,35.0,26.0,103.0,23.0
600,1627,57.0,13.0,7.0,110.0,2.0
601,1628,80.0,21.0,27.0,160.0,4.0
602,1629,42.0,9.0,7.0,93.0,2.0
603,1630,53.0,9.0,9.0,125.0,6.0
604,1631,15.0,2.0,4.0,71.0,3.0
605,1632,45.0,17.0,6.0,72.0,1.0
606,1633,44.0,13.0,8.0,100.0,5.0
607,1634,34.0,9.0,9.0,62.0,5.0
608,1635,21.0,16.0,4.0,43.0,2.0
609,1636,29.0,7.0,4.0,41.0,0.0
610,1637,24.0,5.0,4.0,47.0,1.0
611,1638,76.0,16.0,13.0,258.0,4.0
612,1639,32.0,9.0,3.0,92.0,2.0
613,1640,26.0,3.0,6.0,83.0,3.0
614,1641,27.0,5.0,1.0,55.0,2.0
615,1642,19.0,4.0,5.0,44.0,1.0
616,1643,36.0,2.0,3.0,55.0,3.0
617,1644,44.0,4.0,8.0,84.0,1.0
618,1645,5.0,1.0,0.0,3.0,0.0
619,1646,8.0,1.0,0.0,23.0,0.0
620,1647,4.0,1.0,1.0,31.0,0.0
621,1648,29.0,8.0,5.0,75.0,0.0
622,1649,5.0,0.0,2.0,14.0,0.0
623,1650,166.0,21.0,28.0,85.0,49.0
624,1651,14.0,5.0,2.0,5.0,4.0
625,1652,17.0,6.0,3.0,37.0,4.0
626,1653,131.0,20.0,13.0,76.0,20.0
627,1654,8.0,20.0,10.0,147.0,8.0
628,1655,63.0,15.0,18.0,118.0,22.0
629,1656,26.0,11.0,12.0,41.0,1.0
630,1657,16.0,9.0,4.0,24.0,0.0
631,1658,10.0,0.0,1.0,34.0,0.0
632,1659,40.0,7.0,5.0,55.0,2.0
633,1660,5.0,4.0,0.0,32.0,0.0
634,1661,0.0,0.0,0.0,1.0,0.0
635,1662,2.0,0.0,1.0,11.0,1.0
636,1663,18.0,7.0,2.0,20.0,0.0
637,1664,24.0,3.0,1.0,35.0,1.0
638,1665,14.0,6.0,1.0,13.0,0.0
639,1666,11.0,3.0,2.0,27.0,2.0
640,1667,16.0,1.0,2.0,24.0,0.0
641,1668,10.0,1.0,5.0,29.0,0.0
642,1669,23.0,5.0,4.0,83.0,0.0
643,1670,10.0,1.0,2.0,39.0,0.0
644,1671,6.0,1.0,1.0,3.0,0.0
645,1672,29.0,6.0,6.0,68.0,6.0
646,17001,116.0,28.0,45.0,363.0,36.0
647,17002,17.0,2.0,8.0,61.0,2.0
648,17003,5.0,0.0,0.0,12.0,0.0
649,17004,6.0,4.0,5.0,46.0,1.0
650,17005,24.0,6.0,5.0,54.0,0.0
651,17006,8.0,1.0,1.0,25.0,0.0
652,17007,30.0,8.0,21.0,102.0,10.0
653,17008,21.0,6.0,8.0,68.0,0.0
654,17009,8.0,3.0,4.0,19.0,0.0
655,1701,48.0,14.0,11.0,118.0,21.0
656,17010,6.0,3.0,5.0,10.0,0.0
657,17011,3.0,0.0,1.0,8.0,0.0
658,17013,1.0,0.0,0.0,3.0,0.0
659,17015,1.0,0.0,1.0,9.0,0.0
660,17016,8.0,3.0,0.0,17.0,0.0
661,17017,1.0,0.0,0.0,0.0,0.0
662,17018,0.0,1.0,0.0,0.0,0.0
663,1702,43.0,4.0,3.0,91.0,6.0
664,1703,28.0,3.0,3.0,17.0,4.0
665,1704,52.0,16.0,10.0,76.0,5.0
666,1705,63.0,14.0,15.0,178.0,4.0
667,1706,48.0,12.0,13.0,133.0,3.0
668,1707,11.0,3.0,2.0,65.0,2.0
669,1708,61.0,14.0,6.0,186.0,0.0
670,1709,93.0,21.0,27.0,205.0,12.0
671,1710,35.0,5.0,7.0,60.0,0.0
672,17101,60.0,18.0,28.0,161.0,3.0
673,17102,58.0,17.0,17.0,195.0,6.0
674,17103,5.0,1.0,1.0,6.0,0.0
675,17104,6.0,0.0,0.0,11.0,0.0
676,17105,49.0,9.0,8.0,99.0,1.0
677,17106,153.0,31.0,44.0,278.0,17.0
678,17107,41.0,8.0,13.0,140.0,3.0
679,17108,16.0,8.0,6.0,104.0,1.0
680,17109,3.0,0.0,1.0,11.0,0.0
681,1711,39.0,7.0,2.0,91.0,2.0
682,17111,7.0,0.0,0.0,20.0,0.0
683,17112,6.0,1.0,3.0,32.0,3.0
684,17113,30.0,3.0,1.0,21.0,0.0
685,1712,55.0,10.0,14.0,188.0,6.0
686,1713,39.0,14.0,8.0,108.0,1.0
687,1714,129.0,22.0,53.0,448.0,91.0
688,1715,31.0,12.0,5.0,70.0,0.0
689,1716,62.0,13.0,14.0,151.0,1.0
690,1717,41.0,13.0,11.0,89.0,2.0
691,1718,70.0,10.0,11.0,116.0,1.0
692,1719,95.0,24.0,13.0,171.0,4.0
693,1720,86.0,17.0,20.0,171.0,8.0
694,17202,2.0,1.0,0.0,21.0,0.0
695,17203,3.0,0.0,0.0,3.0,0.0
696,1721,87.0,18.0,15.0,171.0,9.0
697,1722,35.0,17.0,8.0,31.0,3.0
698,1723,107.0,18.0,24.0,185.0,6.0
699,1724,134.0,26.0,29.0,172.0,8.0
700,1725,90.0,13.0,22.0,212.0,46.0
701,1726,79.0,10.0,9.0,101.0,11.0
702,1727,61.0,17.0,6.0,114.0,6.0
703,1728,74.0,5.0,9.0,79.0,6.0
704,1729,102.0,17.0,16.0,160.0,13.0
705,1730,110.0,20.0,27.0,112.0,5.0
706,17301,4.0,1.0,0.0,35.0,0.0
707,17303,2.0,1.0,1.0,1.0,0.0
708,17304,6.0,6.0,6.0,62.0,0.0
709,17305,7.0,4.0,0.0,36.0,0.0
710,1731,27.0,8.0,11.0,106.0,14.0
711,1732,1.0,2.0,0.0,10.0,0.0
712,1733,19.0,1.0,2.0,30.0,0.0
713,1734,3.0,0.0,0.0,13.0,1.0
714,1735,2.0,3.0,0.0,1.0,0.0
715,1736,26.0,11.0,4.0,70.0,4.0
716,1737,26.0,9.0,5.0,88.0,0.0
717,1738,2.0,0.0,0.0,5.0,0.0
718,1740,44.0,16.0,1.0,61.0,1.0
719,1741,59.0,12.0,16.0,125.0,13.0
720,18001,12.0,4.0,10.0,54.0,5.0
721,18002,26.0,9.0,6.0,60.0,5.0
722,18003,2.0,3.0,0.0,20.0,0.0
723,18004,35.0,13.0,9.0,108.0,18.0
724,18005,22.0,2.0,6.0,79.0,7.0
725,18006,30.0,14.0,9.0,112.0,5.0
726,18007,10.0,3.0,5.0,21.0,2.0
727,18008,25.0,6.0,10.0,73.0,5.0
728,1801,49.0,11.0,13.0,82.0,1.0
729,18010,6.0,0.0,0.0,10.0,0.0
730,18011,19.0,4.0,5.0,47.0,4.0
731,18012,7.0,2.0,6.0,29.0,0.0
732,18013,0.0,0.0,0.0,2.0,0.0
733,18015,5.0,0.0,5.0,49.0,1.0
734,18016,3.0,0.0,1.0,18.0,0.0
735,18017,1.0,2.0,1.0,4.0,2.0
736,18018,2.0,0.0,0.0,1.0,1.0
737,18019,10.0,2.0,0.0,22.0,1.0
738,1802,25.0,10.0,4.0,108.0,0.0
739,18020,0.0,0.0,0.0,3.0,1.0
740,18021,0.0,0.0,1.0,6.0,0.0
741,18022,2.0,0.0,1.0,20.0,0.0
742,18023,0.0,0.0,0.0,5.0,0.0
743,18024,0.0,0.0,0.0,1.0,0.0
744,18025,7.0,2.0,1.0,20.0,0.0
745,18026,2.0,0.0,0.0,4.0,0.0
746,1803,4.0,1.0,2.0,4.0,2.0
747,1804,48.0,7.0,7.0,96.0,1.0
748,1805,44.0,12.0,14.0,175.0,5.0
749,1806,8.0,1.0,3.0,25.0,0.0
750,1807,39.0,12.0,2.0,56.0,1.0
751,1808,41.0,8.0,8.0,102.0,6.0
752,1809,117.0,30.0,40.0,403.0,19.0
753,1810,94.0,22.0,11.0,85.0,7.0
754,18101,53.0,12.0,13.0,222.0,2.0
755,18102,74.0,18.0,14.0,219.0,2.0
756,18103,71.0,17.0,4.0,262.0,0.0
757,18104,134.0,29.0,49.0,438.0,55.0
758,18105,55.0,7.0,17.0,201.0,10.0
759,18106,50.0,19.0,13.0,240.0,7.0
760,18107,29.0,9.0,3.0,21.0,4.0
761,18108,1.0,1.0,2.0,10.0,0.0
762,18109,17.0,1.0,4.0,52.0,18.0
763,1811,86.0,18.0,19.0,65.0,3.0
764,18110,5.0,5.0,1.0,23.0,0.0
765,18111,1.0,0.0,1.0,4.0,0.0
766,18112,32.0,10.0,5.0,72.0,2.0
767,18114,1.0,0.0,2.0,20.0,0.0
768,18116,3.0,1.0,3.0,48.0,1.0
769,18117,9.0,7.0,4.0,40.0,2.0
770,1812,30.0,12.0,9.0,114.0,6.0
771,1813,52.0,10.0,10.0,101.0,17.0
772,1814,61.0,6.0,23.0,146.0,10.0
773,1815,140.0,44.0,37.0,269.0,21.0
774,1816,99.0,24.0,22.0,304.0,12.0
775,1817,124.0,23.0,30.0,249.0,42.0
776,1818,28.0,9.0,5.0,73.0,0.0
777,1819,22.0,2.0,2.0,35.0,0.0
778,1820,16.0,4.0,1.0,74.0,0.0
779,1821,4.0,0.0,0.0,17.0,0.0
780,1822,37.0,7.0,7.0,88.0,3.0
781,1823,19.0,7.0,4.0,30.0,1.0
782,1824,3.0,2.0,0.0,20.0,0.0
783,1825,90.0,25.0,19.0,167.0,1.0
784,1826,122.0,23.0,21.0,393.0,12.0
785,1827,52.0,16.0,13.0,136.0,5.0
786,1828,98.0,26.0,26.0,232.0,12.0
787,1829,8.0,4.0,0.0,10.0,0.0
788,1830,21.0,5.0,6.0,224.0,0.0
789,1831,37.0,12.0,18.0,168.0,13.0
790,1832,0.0,0.0,0.0,2.0,0.0
791,1833,25.0,4.0,3.0,24.0,0.0
792,1834,28.0,3.0,5.0,19.0,1.0
793,1835,16.0,5.0,5.0,11.0,1.0
794,1836,10.0,2.0,5.0,9.0,0.0
795,1837,16.0,8.0,2.0,39.0,1.0
796,1838,44.0,5.0,7.0,121.0,3.0
797,1839,2.0,0.0,0.0,14.0,0.0
798,19101,4.0,1.0,1.0,7.0,0.0
799,19102,0.0,0.0,4.0,4.0,1.0
800,19103,3.0,1.0,1.0,10.0,2.0
801,19104,4.0,0.0,1.0,0.0,0.0
802,19105,6.0,0.0,2.0,18.0,1.0
803,19106,22.0,4.0,6.0,70.0,2.0
804,19107,3.0,2.0,5.0,19.0,2.0
805,19108,14.0,2.0,4.0,24.0,2.0
806,19109,24.0,9.0,20.0,50.0,3.0
807,19110,3.0,1.0,2.0,16.0,1.0
808,19111,12.0,1.0,0.0,11.0,0.0
809,2001,63.0,11.0,51.0,166.0,39.0
810,2002,85.0,7.0,53.0,146.0,80.0
811,2003,171.0,13.0,87.0,436.0,149.0
812,2004,23.0,3.0,6.0,56.0,4.0
813,2005,18.0,4.0,7.0,133.0,0.0
814,2006,142.0,25.0,32.0,394.0,16.0
815,2007,23.0,5.0,1.0,36.0,2.0
816,2008,78.0,9.0,7.0,147.0,3.0
817,2009,79.0,22.0,54.0,232.0,8.0
818,2010,46.0,4.0,11.0,54.0,2.0
819,2011,22.0,8.0,13.0,84.0,11.0
820,2012,142.0,24.0,41.0,365.0,13.0
821,2013,31.0,9.0,17.0,117.0,5.0
822,2014,73.0,28.0,21.0,259.0,3.0
823,2015,48.0,8.0,7.0,63.0,3.0
824,2016,87.0,24.0,34.0,319.0,7.0
825,2017,45.0,8.0,4.0,72.0,1.0
826,2018,108.0,30.0,19.0,212.0,5.0
827,2019,69.0,4.0,6.0,64.0,1.0
828,2020,24.0,4.0,6.0,28.0,0.0
829,20201,12.0,2.0,1.0,25.0,0.0
830,20202,31.0,10.0,20.0,109.0,8.0
831,20203,24.0,7.0,3.0,57.0,1.0
832,20205,6.0,4.0,1.0,35.0,1.0
833,20208,6.0,1.0,3.0,22.0,1.0
834,20209,38.0,3.0,0.0,30.0,1.0
835,2021,0.0,0.0,0.0,2.0,0.0
836,20210,4.0,3.0,0.0,5.0,0.0
837,2022,105.0,26.0,19.0,330.0,9.0
838,2023,46.0,13.0,12.0,101.0,2.0
839,2024,37.0,3.0,8.0,144.0,8.0
840,2025,71.0,11.0,9.0,160.0,13.0
841,2027,89.0,10.0,9.0,149.0,3.0
842,2028,4.0,1.0,19.0,43.0,0.0
843,2029,2.0,2.0,8.0,100.0,1.0
844,2030,0.0,0.0,2.0,3.0,0.0
845,2031,2.0,1.0,0.0,7.0,0.0
846,2032,13.0,1.0,1.0,14.0,0.0
847,2033,56.0,11.0,10.0,162.0,4.0
848,2034,16.0,4.0,2.0,34.0,8.0
849,2035,5.0,2.0,0.0,21.0,0.0
850,2036,16.0,2.0,2.0,67.0,2.0
851,2037,1.0,0.0,0.0,1.0,3.0
852,2038,13.0,5.0,2.0,47.0,2.0
853,2039,0.0,0.0,0.0,4.0,2.0
854,2040,102.0,20.0,24.0,254.0,2.0
855,2042,33.0,5.0,4.0,75.0,2.0
856,2043,2.0,0.0,2.0,15.0,0.0
857,2045,7.0,1.0,0.0,18.0,3.0
858,2046,6.0,1.0,1.0,37.0,3.0
859,2047,1.0,0.0,0.0,8.0,0.0
860,2048,9.0,1.0,0.0,16.0,2.0
861,2049,26.0,1.0,5.0,53.0,3.0
862,2050,48.0,11.0,5.0,126.0,5.0
863,2051,12.0,6.0,5.0,57.0,0.0
864,2052,8.0,1.0,1.0,4.0,2.0
865,2053,14.0,3.0,0.0,11.0,1.0
866,2054,4.0,0.0,1.0,3.0,3.0
867,2055,29.0,3.0,2.0,50.0,1.0
868,2056,2.0,0.0,0.0,5.0,0.0
869,2057,6.0,3.0,3.0,22.0,0.0
870,2058,0.0,0.0,0.0,6.0,0.0
871,2060,31.0,4.0,7.0,60.0,0.0
872,2061,1.0,3.0,0.0,9.0,0.0
873,2062,1.0,0.0,0.0,6.0,1.0
874,2063,5.0,0.0,0.0,11.0,3.0
875,2064,1.0,0.0,0.0,6.0,2.0
876,2065,1.0,0.0,2.0,10.0,1.0
877,2066,1.0,0.0,2.0,27.0,1.0
878,2067,7.0,1.0,1.0,17.0,0.0
879,2068,11.0,3.0,2.0,32.0,0.0
880,2069,3.0,0.0,5.0,22.0,0.0
881,2070,9.0,0.0,2.0,24.0,0.0
882,2071,182.0,40.0,41.0,265.0,13.0
883,2072,67.0,15.0,15.0,160.0,5.0
884,2073,50.0,14.0,10.0,98.0,5.0
885,21001,27.0,4.0,32.0,138.0,21.0
886,21002,36.0,14.0,11.0,74.0,1.0
887,21003,1.0,0.0,0.0,1.0,0.0
888,21004,32.0,7.0,11.0,84.0,11.0
889,21005,36.0,9.0,12.0,90.0,1.0
890,21006,9.0,0.0,7.0,17.0,2.0
891,21008,36.0,4.0,8.0,96.0,2.0
892,21009,39.0,8.0,13.0,150.0,0.0
893,21010,6.0,1.0,1.0,37.0,0.0
894,21011,26.0,7.0,2.0,59.0,1.0
895,21012,16.0,3.0,3.0,71.0,4.0
896,21013,0.0,0.0,0.0,10.0,0.0
897,21014,0.0,0.0,0.0,23.0,0.0
898,21015,5.0,0.0,0.0,7.0,0.0
899,21017,2.0,0.0,0.0,3.0,0.0
900,21018,9.0,2.0,0.0,34.0,5.0
901,21019,3.0,2.0,1.0,6.0,0.0
902,21020,17.0,1.0,4.0,64.0,2.0
903,21021,21.0,4.0,6.0,81.0,0.0
904,21022,5.0,4.0,1.0,23.0,1.0
905,21023,13.0,0.0,2.0,40.0,3.0
906,21024,3.0,1.0,1.0,12.0,0.0
907,21026,15.0,1.0,4.0,39.0,0.0
908,21027,2.0,1.0,2.0,27.0,1.0
909,21028,14.0,3.0,2.0,19.0,0.0
910,21029,4.0,1.0,2.0,6.0,0.0
911,21030,23.0,1.0,4.0,17.0,4.0
912,21031,8.0,1.0,2.0,21.0,1.0
913,21032,23.0,6.0,3.0,73.0,0.0
914,22101,42.0,8.0,11.0,94.0,10.0
915,22102,2.0,1.0,0.0,11.0,0.0
916,22103,1.0,2.0,5.0,33.0,1.0
917,23301,10.0,2.0,4.0,34.0,0.0
918,23302,18.0,1.0,4.0,43.0,2.0
919,23303,0.0,0.0,2.0,13.0,0.0
920,23304,6.0,4.0,4.0,19.0,2.0
921,23306,9.0,1.0,0.0,16.0,0.0
922,24101,49.0,14.0,21.0,122.0,15.0
923,24102,12.0,3.0,5.0,27.0,0.0
924,24103,6.0,1.0,0.0,29.0,0.0
925,24104,1.0,0.0,0.0,8.0,1.0
926,24105,5.0,2.0,2.0,25.0,1.0
927,24106,4.0,0.0,2.0,19.0,0.0
928,24107,2.0,0.0,0.0,7.0,0.0
929,24108,3.0,0.0,1.0,11.0,0.0
930,24109,9.0,2.0,0.0,21.0,0.0
931,24110,2.0,0.0,1.0,6.0,0.0
932,24112,1.0,0.0,0.0,1.0,0.0
933,25001,8.0,4.0,6.0,65.0,3.0
934,25002,0.0,0.0,1.0,2.0,0.0
935,25003,1.0,1.0,0.0,0.0,0.0
936,25101,9.0,1.0,2.0,10.0,0.0
937,25201,0.0,0.0,0.0,5.0,1.0
938,25202,0.0,0.0,0.0,4.0,0.0
939,25203,0.0,0.0,0.0,4.0,0.0
940,26001,15.0,3.0,15.0,54.0,3.0
941,26002,5.0,2.0,1.0,12.0,0.0
942,26003,0.0,0.0,0.0,1.0,0.0
943,26005,3.0,0.0,0.0,11.0,2.0
944,26006,6.0,0.0,7.0,33.0,0.0
945,27001,30.0,6.0,10.0,93.0,11.0
946,27002,0.0,0.0,0.0,3.0,0.0
947,29001,14.0,2.0,14.0,49.0,8.0
948,29002,3.0,0.0,4.0,5.0,0.0
949,29003,1.0,4.0,0.0,8.0,0.0
950,29005,0.0,0.0,0.0,1.0,0.0
951,29007,5.0,0.0,0.0,7.0,0.0
952,29008,1.0,1.0,0.0,0.0,0.0
953,29101,7.0,2.0,3.0,22.0,3.0
954,29102,0.0,0.0,0.0,2.0,0.0
955,29103,1.0,0.0,0.0,5.0,0.0
956,29104,1.0,0.0,0.0,4.0,0.0
957,29105,8.0,3.0,4.0,56.0,0.0
958,30001,9.0,4.0,3.0,41.0,0.0
959,30002,42.0,12.0,71.0,140.0,16.0
960,30003,23.0,3.0,14.0,95.0,1.0
961,30004,80.0,28.0,91.0,301.0,47.0
962,30005,14.0,2.0,13.0,47.0,0.0
963,30006,21.0,5.0,13.0,65.0,3.0
964,30007,0.0,0.0,1.0,0.0,0.0
965,30008,1.0,1.0,1.0,5.0,0.0
966,3001,27.0,12.0,19.0,127.0,23.0
967,3002,5.0,1.0,0.0,11.0,0.0
968,3003,6.0,1.0,0.0,4.0,0.0
969,3004,7.0,0.0,3.0,20.0,3.0
970,3005,24.0,2.0,3.0,76.0,8.0
971,3006,21.0,5.0,3.0,39.0,8.0
972,3007,0.0,0.0,0.0,5.0,0.0
973,3008,0.0,0.0,0.0,18.0,0.0
974,3009,4.0,2.0,3.0,42.0,0.0
975,30101,7.0,2.0,2.0,46.0,1.0
976,30102,2.0,0.0,0.0,2.0,0.0
977,3011,0.0,0.0,0.0,8.0,0.0
978,3012,2.0,0.0,0.0,12.0,0.0
979,3013,8.0,3.0,1.0,16.0,3.0
980,3015,5.0,0.0,0.0,7.0,0.0
981,3016,18.0,4.0,4.0,86.0,0.0
982,3018,14.0,2.0,8.0,2.0,3.0
983,31001,22.0,7.0,8.0,69.0,13.0
984,31002,14.0,7.0,8.0,56.0,5.0
985,31003,0.0,0.0,0.0,11.0,1.0
986,32001,4.0,1.0,2.0,27.0,1.0
987,3201,1.0,2.0,0.0,4.0,0.0
988,3202,6.0,0.0,0.0,7.0,0.0
989,3204,1.0,0.0,0.0,1.0,0.0
990,3207,22.0,2.0,4.0,57.0,1.0
991,3208,0.0,0.0,0.0,1.0,0.0
992,32101,3.0,0.0,0.0,12.0,1.0
993,33001,5.0,0.0,8.0,6.0,1.0
994,33002,4.0,2.0,0.0,2.0,0.0
995,33009,0.0,0.0,0.0,3.0,0.0
996,3301,1.0,0.0,1.0,25.0,0.0
997,3305,0.0,2.0,0.0,3.0,1.0
998,3307,12.0,4.0,10.0,55.0,2.0
999,3308,1.0,0.0,0.0,4.0,0.0
1000,3401,1.0,0.0,0.0,12.0,0.0
1001,3402,2.0,0.0,0.0,18.0,0.0
1002,3403,1.0,0.0,0.0,4.0,0.0
1003,3501,0.0,0.0,0.0,2.0,0.0
1004,4001,22.0,7.0,16.0,55.0,15.0
1005,4002,7.0,7.0,5.0,77.0,2.0
1006,4003,15.0,7.0,5.0,27.0,2.0
1007,4004,20.0,8.0,5.0,51.0,3.0
1008,4005,50.0,8.0,19.0,138.0,9.0
1009,4006,25.0,5.0,13.0,106.0,8.0
1010,4007,19.0,20.0,19.0,71.0,7.0
1011,4008,0.0,0.0,0.0,6.0,0.0
1012,4009,1.0,0.0,0.0,1.0,0.0
1013,4010,0.0,0.0,0.0,1.0,0.0
1014,4011,1.0,4.0,0.0,7.0,0.0
1015,4013,5.0,2.0,5.0,35.0,3.0
1016,4101,1.0,1.0,0.0,11.0,1.0
1017,4102,0.0,0.0,0.0,1.0,0.0
1018,4203,0.0,0.0,0.0,3.0,0.0
1019,4301,0.0,0.0,0.0,5.0,0.0
1020,4401,0.0,4.0,1.0,12.0,0.0
1021,4403,1.0,2.0,1.0,3.0,0.0
1022,5001,43.0,14.0,29.0,127.0,10.0
1023,5002,66.0,5.0,18.0,94.0,4.0
1024,5003,68.0,11.0,11.0,81.0,7.0
1025,5004,54.0,11.0,10.0,87.0,7.0
1026,5005,38.0,11.0,10.0,80.0,4.0
1027,5006,81.0,9.0,20.0,146.0,8.0
1028,5007,21.0,1.0,5.0,66.0,0.0
1029,5008,95.0,15.0,3.0,120.0,3.0
1030,5009,65.0,9.0,16.0,119.0,3.0
1031,5010,216.0,28.0,30.0,282.0,16.0
1032,5011,157.0,30.0,26.0,253.0,24.0
1033,5012,15.0,1.0,4.0,29.0,0.0
1034,5013,20.0,4.0,2.0,91.0,0.0
1035,5014,36.0,6.0,2.0,53.0,2.0
1036,5015,9.0,5.0,6.0,33.0,0.0
1037,5016,61.0,10.0,8.0,129.0,3.0
1038,5017,69.0,14.0,10.0,179.0,14.0
1039,5018,69.0,6.0,10.0,147.0,13.0
1040,5019,15.0,3.0,3.0,49.0,0.0
1041,5020,143.0,19.0,60.0,480.0,93.0
1042,5021,46.0,3.0,11.0,68.0,4.0
1043,5022,62.0,9.0,25.0,149.0,10.0
1044,5023,166.0,30.0,41.0,398.0,34.0
1045,5024,2.0,11.0,22.0,85.0,1.0
1046,5025,33.0,14.0,33.0,204.0,13.0
1047,5026,19.0,8.0,10.0,95.0,2.0
1048,5027,47.0,5.0,15.0,112.0,3.0
1049,5028,71.0,13.0,18.0,293.0,14.0
1050,5029,63.0,13.0,9.0,126.0,6.0
1051,5030,55.0,17.0,19.0,189.0,2.0
1052,5031,68.0,13.0,17.0,165.0,10.0
1053,5032,37.0,10.0,11.0,138.0,11.0
1054,5033,41.0,8.0,9.0,111.0,0.0
1055,5034,38.0,7.0,7.0,62.0,1.0
1056,5035,91.0,24.0,15.0,233.0,9.0
1057,5036,37.0,6.0,7.0,77.0,2.0
1058,5037,126.0,30.0,35.0,293.0,17.0
1059,5038,121.0,23.0,17.0,125.0,9.0
1060,5039,12.0,4.0,8.0,74.0,2.0
1061,5040,148.0,26.0,13.0,224.0,7.0
1062,5041,11.0,1.0,0.0,39.0,4.0
1063,5043,99.0,8.0,15.0,238.0,15.0
1064,5044,1.0,1.0,0.0,0.0,0.0
1065,5045,1.0,0.0,0.0,3.0,0.0
1066,5046,25.0,6.0,11.0,51.0,0.0
1067,5047,3.0,1.0,0.0,10.0,0.0
1068,5048,0.0,0.0,0.0,10.0,2.0
1069,5049,20.0,2.0,0.0,15.0,1.0
1070,5050,21.0,3.0,2.0,27.0,3.0
1071,5051,10.0,2.0,2.0,30.0,1.0
1072,5052,50.0,14.0,13.0,124.0,5.0
1073,5053,42.0,3.0,8.0,73.0,0.0
1074,5054,59.0,4.0,14.0,110.0,4.0
1075,5056,40.0,5.0,10.0,133.0,3.0
1076,5057,4.0,1.0,1.0,10.0,1.0
1077,5058,8.0,0.0,0.0,21.0,1.0
1078,5059,10.0,2.0,2.0,22.0,0.0
1079,5060,1.0,0.0,0.0,1.0,0.0
1080,5061,1.0,1.0,0.0,7.0,0.0
1081,5062,10.0,1.0,2.0,15.0,1.0
1082,5063,26.0,2.0,2.0,18.0,2.0
1083,5301,37.0,14.0,59.0,409.0,11.0
1084,5302,17.0,5.0,6.0,85.0,1.0
1085,5303,26.0,5.0,21.0,262.0,29.0
1086,5304,67.0,18.0,33.0,239.0,12.0
1087,5305,16.0,6.0,6.0,47.0,0.0
1088,5306,132.0,29.0,22.0,472.0,11.0
1089,5307,55.0,16.0,16.0,130.0,6.0
1090,5308,122.0,16.0,61.0,471.0,39.0
1091,5309,151.0,11.0,21.0,203.0,4.0
1092,5310,62.0,9.0,15.0,143.0,3.0
1093,5311,77.0,15.0,37.0,163.0,12.0
1094,5312,14.0,1.0,3.0,58.0,5.0
1095,5313,111.0,16.0,24.0,234.0,14.0
1096,5314,85.0,19.0,26.0,136.0,7.0
1097,5315,102.0,18.0,22.0,295.0,9.0
1098,5316,78.0,8.0,20.0,309.0,14.0
1099,5317,54.0,9.0,20.0,95.0,2.0
1100,5318,105.0,10.0,41.0,282.0,14.0
1101,5319,49.0,6.0,16.0,123.0,0.0
1102,5320,17.0,2.0,8.0,43.0,1.0
1103,5321,83.0,8.0,20.0,130.0,36.0
1104,5322,22.0,4.0,2.0,37.0,6.0
1105,5323,165.0,14.0,42.0,231.0,82.0
1106,5324,24.0,5.0,12.0,59.0,4.0
1107,5325,185.0,17.0,84.0,539.0,95.0
1108,5326,68.0,14.0,35.0,186.0,22.0
1109,5327,41.0,5.0,5.0,66.0,8.0
1110,5328,5.0,0.0,3.0,44.0,0.0
1111,5329,55.0,12.0,17.0,131.0,2.0
1112,5330,77.0,15.0,54.0,304.0,6.0
1113,5331,57.0,11.0,11.0,153.0,7.0
1114,5332,15.0,3.0,5.0,81.0,6.0
1115,58001,11.0,0.0,5.0,11.0,0.0
1116,58002,9.0,4.0,14.0,59.0,2.0
1117,58003,3.0,0.0,0.0,11.0,0.0
1118,58004,0.0,1.0,1.0,12.0,0.0
1119,58005,1.0,1.0,1.0,11.0,0.0
1120,58006,0.0,0.0,0.0,1.0,0.0
1121,58101,5.0,0.0,1.0,11.0,0.0
1122,58102,0.0,0.0,0.0,6.0,0.0
1123,6001,22.0,9.0,25.0,104.0,5.0
1124,6002,12.0,1.0,6.0,23.0,5.0
1125,6003,3.0,2.0,0.0,12.0,0.0
1126,6004,22.0,4.0,14.0,34.0,9.0
1127,6005,3.0,1.0,1.0,18.0,1.0
1128,6006,1.0,0.0,1.0,9.0,0.0
1129,6007,1.0,1.0,0.0,3.0,0.0
1130,6008,0.0,0.0,1.0,3.0,0.0
1131,6009,0.0,0.0,0.0,2.0,0.0
1132,6010,1.0,0.0,1.0,5.0,0.0
1133,6011,2.0,0.0,1.0,4.0,0.0
1134,6012,2.0,0.0,0.0,5.0,0.0
1135,6014,18.0,4.0,6.0,58.0,2.0
1136,6015,29.0,5.0,3.0,66.0,5.0
1137,6016,22.0,2.0,4.0,39.0,1.0
1138,6017,2.0,1.0,0.0,7.0,1.0
1139,6018,23.0,4.0,1.0,51.0,0.0
1140,6019,4.0,0.0,0.0,5.0,0.0
1141,6020,0.0,0.0,1.0,1.0,0.0
1142,6022,0.0,0.0,2.0,7.0,0.0
1143,6023,4.0,1.0,2.0,10.0,0.0
1144,6101,0.0,1.0,5.0,19.0,1.0
1145,6102,5.0,2.0,1.0,24.0,3.0
1146,6103,8.0,0.0,3.0,28.0,1.0
1147,6104,9.0,3.0,6.0,39.0,3.0
1148,6105,1.0,0.0,0.0,10.0,1.0
1149,6201,2.0,1.0,0.0,12.0,0.0
1150,6202,0.0,0.0,0.0,7.0,0.0
1151,6203,1.0,0.0,0.0,7.0,0.0
1152,7001,28.0,3.0,6.0,53.0,4.0
1153,7002,28.0,2.0,30.0,92.0,13.0
1154,7003,45.0,12.0,9.0,149.0,4.0
1155,7004,45.0,19.0,13.0,122.0,1.0
1156,7005,8.0,1.0,1.0,11.0,0.0
1157,7006,72.0,9.0,17.0,182.0,5.0
1158,7007,4.0,0.0,2.0,16.0,0.0
1159,7008,45.0,11.0,7.0,101.0,6.0
1160,7009,24.0,6.0,1.0,51.0,0.0
1161,7010,1.0,0.0,0.0,1.0,0.0
1162,7011,10.0,1.0,0.0,11.0,0.0
1163,7012,1.0,1.0,3.0,7.0,0.0
1164,7013,7.0,3.0,4.0,35.0,1.0
1165,7014,29.0,4.0,11.0,39.0,6.0
1166,7111,15.0,2.0,3.0,66.0,2.0
1167,7112,56.0,7.0,17.0,231.0,4.0
1168,7113,78.0,11.0,12.0,168.0,2.0
1169,7114,40.0,8.0,10.0,109.0,2.0
1170,7115,10.0,3.0,2.0,43.0,0.0
1171,7117,17.0,5.0,1.0,69.0,1.0
1172,8001,71.0,11.0,38.0,245.0,154.0
1173,8002,20.0,2.0,12.0,71.0,0.0
1174,8003,7.0,2.0,2.0,23.0,1.0
1175,8004,0.0,0.0,1.0,5.0,0.0
1176,8005,6.0,1.0,0.0,22.0,1.0
1177,8006,21.0,5.0,5.0,83.0,2.0
1178,8007,1.0,0.0,0.0,1.0,0.0
1179,8009,9.0,1.0,1.0,10.0,0.0
1180,8010,11.0,2.0,7.0,44.0,0.0
1181,8011,16.0,6.0,4.0,78.0,4.0
1182,8012,1.0,0.0,1.0,11.0,0.0
1183,8013,3.0,0.0,1.0,6.0,0.0
1184,9101,24.0,7.0,23.0,142.0,17.0
1185,9102,2.0,0.0,0.0,9.0,2.0
1186,9103,16.0,4.0,7.0,74.0,4.0
1187,9104,0.0,1.0,0.0,11.0,2.0
1188,9105,5.0,1.0,1.0,17.0,2.0
1189,9106,4.0,0.0,1.0,20.0,2.0
1190,9108,0.0,0.0,0.0,3.0,0.0
1191,9109,3.0,0.0,1.0,7.0,0.0
1192,9111,2.0,0.0,1.0,5.0,0.0
1193,9113,1.0,0.0,1.0,14.0,0.0
1194,9114,7.0,0.0,1.0,15.0,0.0
1195,9115,3.0,2.0,2.0,3.0,0.0
1196,9201,5.0,1.0,1.0,12.0,0.0
1197,9202,1.0,0.0,2.0,5.0,0.0
1198,9204,0.0,0.0,1.0,5.0,0.0
